NPD_ID,Noise Metric,Op Mode,Power Setting,L_200ft,L_400ft,L_630ft,L_1000ft,L_2000ft,L_4000ft,L_6300ft,L_10000ft,L_16000ft,L_25000ft
747400RN,SEL,A,7000,95.6,91.2,88.1,84.8,79.5,73.4,68.8,63.7,58.6,53.7
747400RN,SEL,A,10000,96.1,91.5,88.5,85.0,79.6,73.4,68.8,63.8,58.7,53.9
747400RN,SEL,A,13000,96.7,92.1,88.9,85.5,79.9,73.7,69.2,64.2,59.1,54.3
747400RN,SEL,A,16000,97.5,92.8,89.5,86.0,80.5,74.3,69.7,64.7,59.6,54.8
747400RN,SEL,D,24000,96.9,92.4,89.4,85.4,79.6,73.3,68.7,63.4,58.0,52.9
747400RN,SEL,D,32200,98.7,94.5,91.8,87.9,82.4,76.1,71.5,66.2,60.8,55.8
747400RN,SEL,D,40400,100.6,96.4,94.1,90.1,84.7,78.6,74.0,68.8,63.5,58.5
747400RN,SEL,D,48600,102.4,98.2,96.1,92.1,86.8,80.8,76.3,71.2,66.0,61.2
747400RN,SEL,D,56800,104.1,100.0,98.0,93.9,88.7,82.8,78.4,73.5,68.5,63.8
747400RN,SEL,D,65000,106.2,102.0,100.1,95.8,90.7,85.0,80.8,76.0,71.2,66.7
747400RN,EPNL,A,7000,98.7,93.9,90.3,86.2,80.1,73.4,68.0,61.8,55.5,49.5
747400RN,EPNL,A,10000,99.2,94.3,90.6,86.6,80.4,73.7,68.4,62.1,55.8,49.8
747400RN,EPNL,A,13000,100.0,95.1,91.4,87.2,81.0,74.3,69.0,62.7,56.3,50.3
747400RN,EPNL,A,16000,101.1,96.1,92.4,88.1,81.8,75.1,69.7,63.4,57.0,50.9
747400RN,EPNL,D,24000,102.4,97.2,93.2,88.8,81.5,74.4,68.7,62.0,55.2,48.8
747400RN,EPNL,D,32200,103.6,98.8,95.1,91.1,84.3,77.4,72.0,65.6,59.2,53.1
747400RN,EPNL,D,40400,105.1,100.5,97.0,93.2,86.8,79.9,74.8,68.7,62.5,56.7
747400RN,EPNL,D,48600,106.7,102.3,98.9,95.2,89.0,82.3,77.2,71.4,65.4,59.8
747400RN,EPNL,D,56800,108.5,104.2,100.8,97.1,91.0,84.4,79.5,73.8,68.0,62.6
747400RN,EPNL,D,65000,110.7,106.4,103.1,99.4,93.2,86.8,81.9,76.4,70.8,65.7
747400RN,LAmax,A,7000,92.9,85.8,81.0,76.0,68.0,59.3,53.1,46.4,39.5,33.0
747400RN,LAmax,A,10000,93.0,85.9,81.1,76.1,68.2,59.4,53.2,46.5,39.7,33.3
747400RN,LAmax,A,13000,93.4,86.2,81.5,76.5,68.5,59.8,53.6,46.9,40.1,33.7
747400RN,LAmax,A,16000,93.9,86.7,82.0,77.0,69.0,60.3,54.1,47.4,40.7,34.3
747400RN,LAmax,D,24000,93.7,86.9,82.4,77.6,69.6,60.5,54.0,46.9,39.7,32.8
747400RN,LAmax,D,32200,97.3,90.6,86.0,81.0,72.7,63.5,56.9,49.7,42.4,35.5
747400RN,LAmax,D,40400,100.0,93.3,88.8,83.5,75.2,66.0,59.4,52.2,44.9,38.1
747400RN,LAmax,D,48600,102.1,95.3,91.0,85.5,77.2,68.1,61.5,54.4,47.2,40.4
747400RN,LAmax,D,56800,103.9,96.9,92.8,87.2,79.0,69.9,63.5,56.5,49.4,42.8
747400RN,LAmax,D,65000,105.5,98.3,94.6,88.7,80.6,71.8,65.6,58.5,51.9,45.4
747400RN,PNLTM,A,7000,106.2,98.7,93.5,87.7,78.9,69.3,62.3,54.6,46.9,39.5
747400RN,PNLTM,A,10000,106.7,99.1,93.9,88.1,79.2,69.7,62.7,55.0,47.2,39.9
747400RN,PNLTM,A,13000,107.3,99.7,94.5,88.6,79.7,70.2,63.1,55.5,47.7,40.3
747400RN,PNLTM,A,16000,108.0,100.4,95.3,89.3,80.3,70.7,63.7,56.0,48.2,40.8
747400RN,PNLTM,D,24000,108.6,101.4,96.3,90.4,80.3,70.3,62.9,54.7,46.4,38.5
747400RN,PNLTM,D,32200,111.4,104.2,99.2,93.5,83.9,73.7,66.5,58.4,50.3,42.7
747400RN,PNLTM,D,40400,113.7,106.6,101.6,95.9,86.6,76.5,69.4,61.5,53.6,46.1
747400RN,PNLTM,D,48600,115.7,108.6,103.6,98.0,88.8,78.8,71.8,64.2,56.4,49.1
747400RN,PNLTM,D,56800,117.6,110.3,105.4,99.7,90.6,80.9,74.0,66.5,58.9,51.8
747400RN,PNLTM,D,65000,119.5,112.2,107.1,101.5,92.3,83.0,76.2,68.9,61.5,54.6
7673ER,EPNL,A,9000,101.8,96.2,92.5,88.6,82.7,75.7,70.3,64.2,58.0,52.1
7673ER,EPNL,A,10500,102.0,96.7,93.0,89.0,82.9,75.9,70.5,64.4,58.2,52.3
7673ER,EPNL,A,12000,102.8,97.7,94.1,90.0,83.5,76.4,71.0,64.8,58.6,52.6
7673ER,EPNL,A,13500,104.4,99.5,95.9,91.5,84.7,77.3,71.7,65.5,59.1,53.1
7673ER,EPNL,D,26800,109.4,104.6,101.0,96.7,89.3,81.5,76.4,70.3,64.0,58.2
7673ER,EPNL,D,33600,109.1,104.6,101.2,97.3,90.7,83.8,79.1,73.3,67.4,61.8
7673ER,EPNL,D,40400,109.7,105.4,102.2,98.5,92.5,86.2,81.7,76.2,70.6,65.4
7673ER,EPNL,D,47200,111.1,107.0,103.9,100.4,94.9,89.0,84.7,79.5,74.3,69.5
7673ER,EPNL,D,54000,114.2,110.2,107.3,104.1,99.0,93.3,89.2,84.6,80.0,75.9
7673ER,PNLTM,A,9000,107.5,100.0,95.0,89.5,81.1,71.9,65.0,57.4,49.6,42.3
7673ER,PNLTM,A,10500,108.3,100.8,95.8,90.2,81.6,72.2,65.2,57.6,49.9,42.5
7673ER,PNLTM,A,12000,109.6,102.0,96.9,91.1,82.2,72.5,65.5,57.9,50.1,42.7
7673ER,PNLTM,A,13500,111.1,103.4,98.2,92.2,82.9,72.9,65.8,58.2,50.4,43.0
7673ER,PNLTM,D,26800,114.5,107.3,102.0,96.2,86.8,77.2,70.5,63.2,55.8,48.9
7673ER,PNLTM,D,33600,115.8,108.6,103.4,97.8,89.3,80.2,73.8,66.8,59.7,53.0
7673ER,PNLTM,D,40400,117.3,110.2,105.1,99.8,91.8,83.1,76.8,70.0,63.1,56.6
7673ER,PNLTM,D,47200,119.2,112.3,107.4,102.4,94.7,86.3,80.3,73.5,66.8,60.4
7673ER,PNLTM,D,54000,122.6,115.9,111.3,106.7,99.3,91.0,85.2,78.6,71.9,65.6
7673ER,SEL,A,9000,98.1,93.7,90.7,87.5,82.3,76.3,71.7,66.6,61.4,56.5
7673ER,SEL,A,10500,98.8,94.3,91.2,88.0,82.6,76.6,71.9,66.8,61.6,56.7
7673ER,SEL,A,12000,99.7,95.1,92.0,88.6,83.1,76.9,72.2,67.1,61.9,56.9
7673ER,SEL,A,13500,100.7,96.1,92.9,89.3,83.6,77.2,72.5,67.4,62.2,57.2
7673ER,SEL,D,26800,102.5,98.1,94.9,91.2,85.1,78.9,74.7,70.0,65.3,60.9
7673ER,SEL,D,33600,102.8,98.8,95.8,92.5,87.1,81.4,77.4,72.9,68.4,64.2
7673ER,SEL,D,40400,104.0,100.1,97.3,94.3,89.3,83.9,80.0,75.7,71.2,67.1
7673ER,SEL,D,47200,106.0,102.3,99.6,96.7,92.0,86.8,82.9,78.6,74.3,70.2
7673ER,SEL,D,54000,110.0,106.4,103.8,101.0,96.4,91.1,87.3,83.0,78.7,74.7
7673ER,LAmax,A,9000,94.7,87.8,83.2,78.4,70.7,62.2,56.0,49.2,42.3,35.8
7673ER,LAmax,A,10500,95.4,88.3,83.7,78.8,71.0,62.5,56.2,49.4,42.5,36.0
7673ER,LAmax,A,12000,96.4,89.2,84.4,79.3,71.4,62.7,56.5,49.6,42.7,36.2
7673ER,LAmax,A,13500,97.6,90.2,85.3,80.0,71.9,63.0,56.7,49.9,42.9,36.3
7673ER,LAmax,D,26800,100.9,93.5,88.3,82.8,74.5,65.9,60.0,53.5,46.9,40.8
7673ER,LAmax,D,33600,101.7,94.6,89.7,84.6,76.8,68.5,62.7,56.4,50.1,44.0
7673ER,LAmax,D,40400,103.2,96.4,91.7,86.8,79.3,71.1,65.4,59.2,52.9,47.0
7673ER,LAmax,D,47200,105.6,98.9,94.4,89.7,82.2,74.2,68.5,62.4,56.1,50.3
7673ER,LAmax,D,54000,110.1,103.6,99.2,94.5,86.9,78.8,73.2,67.0,60.8,55.0
7773ER,SEL,A,12000,99.2,94.5,91.4,88.2,83.0,77.1,72.7,67.8,62.9,58.2
7773ER,SEL,A,18000,99.8,95.1,92.0,88.6,83.3,77.3,72.8,67.9,62.9,58.3
7773ER,SEL,A,24000,100.6,96.0,92.8,89.4,83.9,77.8,73.3,68.3,63.2,58.4
7773ER,SEL,A,30000,101.7,97.0,93.8,90.3,84.8,78.5,73.9,68.8,63.7,58.8
7773ER,SEL,D,35684,102.6,97.6,94.2,90.5,84.7,77.9,72.9,67.3,61.5,56.2
7773ER,SEL,D,48263,103.1,98.7,95.5,92.0,86.4,79.9,75.2,70.1,64.8,59.9
7773ER,SEL,D,60841,104.9,100.4,97.4,94.1,88.6,82.4,77.9,73.0,68.0,63.4
7773ER,SEL,D,73419,106.6,102.4,99.4,96.3,90.9,84.8,80.5,75.7,70.9,66.4
7773ER,SEL,D,85997,109.0,104.9,102.0,98.9,93.7,87.8,83.5,78.9,74.2,69.8
7773ER,SEL,D,98522,111.4,107.6,104.8,101.8,96.8,90.9,86.5,81.6,76.8,71.9
7773ER,EPNL,A,12000,103.9,98.5,94.6,90.6,84.4,77.5,72.2,66.2,60.1,54.3
7773ER,EPNL,A,18000,104.7,99.4,95.7,91.6,85.4,78.3,72.7,66.6,60.4,54.5
7773ER,EPNL,A,24000,105.5,100.3,96.7,92.5,86.2,79.1,73.5,67.3,61.0,55.0
7773ER,EPNL,A,30000,106.7,101.6,97.9,93.6,87.2,80.0,74.4,68.2,61.9,55.9
7773ER,EPNL,D,35684,107.0,102.0,98.1,94.4,87.3,79.7,73.4,66.9,60.3,54.1
7773ER,EPNL,D,48263,108.6,103.7,100.0,96.2,89.4,82.0,76.1,70.2,64.1,58.5
7773ER,EPNL,D,60841,110.3,105.5,102.0,98.2,91.7,84.6,79.1,73.5,67.8,62.4
7773ER,EPNL,D,73419,111.9,107.3,104.0,100.2,93.9,87.1,81.9,76.5,70.9,65.7
7773ER,EPNL,D,85997,113.9,109.4,106.2,102.6,96.5,90.1,85.3,79.9,74.5,69.5
7773ER,EPNL,D,98522,115.1,111.0,107.8,104.4,98.7,92.7,88.4,82.6,76.7,70.9
7773ER,LAmax,A,12000,95.8,88.5,83.8,78.9,71.1,62.7,56.6,50.1,43.4,37.1
7773ER,LAmax,A,18000,96.3,89.0,84.3,79.3,71.5,63.0,56.9,50.3,43.6,37.3
7773ER,LAmax,A,24000,97.3,90.0,85.2,80.2,72.2,63.6,57.4,50.7,43.9,37.5
7773ER,LAmax,A,30000,98.6,91.3,86.4,81.3,73.2,64.4,58.1,51.2,44.3,37.7
7773ER,LAmax,D,35684,100.8,93.4,88.7,83.8,75.5,66.3,59.7,52.2,44.7,37.5
7773ER,LAmax,D,48263,102.0,94.9,90.1,85.0,76.7,67.7,61.3,54.3,47.2,40.5
7773ER,LAmax,D,60841,103.8,96.9,92.1,87.0,78.7,69.9,63.6,56.9,50.0,43.3
7773ER,LAmax,D,73419,105.9,99.1,94.3,89.2,81.1,72.3,66.1,59.5,52.8,46.4
7773ER,LAmax,D,85997,108.6,101.8,97.1,92.1,84.1,75.4,69.3,62.8,56.1,50.0
7773ER,LAmax,D,98522,112.5,105.8,101.2,96.3,88.4,79.6,73.4,66.3,59.3,52.1
7773ER,PNLTM,A,12000,110.2,101.8,96.2,90.9,82.4,73.0,66.1,58.6,50.9,43.7
7773ER,PNLTM,A,18000,110.8,102.5,97.1,91.5,82.9,73.4,66.5,58.9,51.2,43.9
7773ER,PNLTM,A,24000,111.7,103.7,98.3,92.5,83.6,74.0,66.9,59.3,51.6,44.3
7773ER,PNLTM,A,30000,112.9,105.0,99.7,93.7,84.5,74.5,67.4,59.8,52.0,44.7
7773ER,PNLTM,D,35684,114.1,106.6,101.4,95.8,86.3,76.2,68.8,60.3,51.7,43.6
7773ER,PNLTM,D,48263,116.2,108.9,103.6,97.9,88.4,78.4,71.2,63.3,55.3,47.7
7773ER,PNLTM,D,60841,118.5,111.3,106.1,100.3,90.9,81.0,74.2,66.7,59.0,51.9
7773ER,PNLTM,D,73419,120.7,113.5,108.3,102.6,93.4,83.7,77.1,69.8,62.5,55.6
7773ER,PNLTM,D,85997,123.1,116.0,110.9,105.3,96.4,87.0,80.6,73.6,66.6,60.0
7773ER,PNLTM,D,98522,126.0,118.9,114.0,108.5,99.7,90.5,84.0,76.8,69.7,62.4
7879,SEL,A,7000,95.6,91.2,88.1,84.8,79.5,73.4,68.8,63.7,58.6,53.7
7879,SEL,A,10000,96.1,91.5,88.5,85.0,79.6,73.4,68.8,63.8,58.7,53.9
7879,SEL,A,13000,96.7,92.1,88.9,85.5,79.9,73.7,69.2,64.2,59.1,54.3
7879,SEL,A,16000,97.5,92.8,89.5,86.0,80.5,74.3,69.7,64.7,59.6,54.8
7879,SEL,D,24000,96.9,92.4,89.4,85.4,79.6,73.3,68.7,63.4,58.0,52.9
7879,SEL,D,32200,98.7,94.5,91.8,87.9,82.4,76.1,71.5,66.2,60.8,55.8
7879,SEL,D,40400,100.6,96.4,94.1,90.1,84.7,78.6,74.0,68.8,63.5,58.5
7879,SEL,D,48600,102.4,98.2,96.1,92.1,86.8,80.8,76.3,71.2,66.0,61.2
7879,SEL,D,56800,104.1,100.0,98.0,93.9,88.7,82.8,78.4,73.5,68.5,63.8
7879,SEL,D,65000,106.2,102.0,100.1,95.8,90.7,85.0,80.8,76.0,71.2,66.7
7879,EPNL,A,7000,98.7,93.9,90.3,86.2,80.1,73.4,68.0,61.8,55.5,49.5
7879,EPNL,A,10000,99.2,94.3,90.6,86.6,80.4,73.7,68.4,62.1,55.8,49.8
7879,EPNL,A,13000,100.0,95.1,91.4,87.2,81.0,74.3,69.0,62.7,56.3,50.3
7879,EPNL,A,16000,101.1,96.1,92.4,88.1,81.8,75.1,69.7,63.4,57.0,50.9
7879,EPNL,D,24000,102.4,97.2,93.2,88.8,81.5,74.4,68.7,62.0,55.2,48.8
7879,EPNL,D,32200,103.6,98.8,95.1,91.1,84.3,77.4,72.0,65.6,59.2,53.1
7879,EPNL,D,40400,105.1,100.5,97.0,93.2,86.8,79.9,74.8,68.7,62.5,56.7
7879,EPNL,D,48600,106.7,102.3,98.9,95.2,89.0,82.3,77.2,71.4,65.4,59.8
7879,EPNL,D,56800,108.5,104.2,100.8,97.1,91.0,84.4,79.5,73.8,68.0,62.6
7879,EPNL,D,65000,110.7,106.4,103.1,99.4,93.2,86.8,81.9,76.4,70.8,65.7
7879,LAmax,A,7000,92.9,85.8,81.0,76.0,68.0,59.3,53.1,46.4,39.5,33.0
7879,LAmax,A,10000,93.0,85.9,81.1,76.1,68.2,59.4,53.2,46.5,39.7,33.3
7879,LAmax,A,13000,93.4,86.2,81.5,76.5,68.5,59.8,53.6,46.9,40.1,33.7
7879,LAmax,A,16000,93.9,86.7,82.0,77.0,69.0,60.3,54.1,47.4,40.7,34.3
7879,LAmax,D,24000,93.7,86.9,82.4,77.6,69.6,60.5,54.0,46.9,39.7,32.8
7879,LAmax,D,32200,97.3,90.6,86.0,81.0,72.7,63.5,56.9,49.7,42.4,35.5
7879,LAmax,D,40400,100.0,93.3,88.8,83.5,75.2,66.0,59.4,52.2,44.9,38.1
7879,LAmax,D,48600,102.1,95.3,91.0,85.5,77.2,68.1,61.5,54.4,47.2,40.4
7879,LAmax,D,56800,103.9,96.9,92.8,87.2,79.0,69.9,63.5,56.5,49.4,42.8
7879,LAmax,D,65000,105.5,98.3,94.6,88.7,80.6,71.8,65.6,58.5,51.9,45.4
7879,PNLTM,A,7000,106.2,98.7,93.5,87.7,78.9,69.3,62.3,54.6,46.9,39.5
7879,PNLTM,A,10000,106.7,99.1,93.9,88.1,79.2,69.7,62.7,55.0,47.2,39.9
7879,PNLTM,A,13000,107.3,99.7,94.5,88.6,79.7,70.2,63.1,55.5,47.7,40.3
7879,PNLTM,A,16000,108.0,100.4,95.3,89.3,80.3,70.7,63.7,56.0,48.2,40.8
7879,PNLTM,D,24000,108.6,101.4,96.3,90.4,80.3,70.3,62.9,54.7,46.4,38.5
7879,PNLTM,D,32200,111.4,104.2,99.2,93.5,83.9,73.7,66.5,58.4,50.3,42.7
7879,PNLTM,D,40400,113.7,106.6,101.6,95.9,86.6,76.5,69.4,61.5,53.6,46.1
7879,PNLTM,D,48600,115.7,108.6,103.6,98.0,88.8,78.8,71.8,64.2,56.4,49.1
7879,PNLTM,D,56800,117.6,110.3,105.4,99.7,90.6,80.9,74.0,66.5,58.9,51.8
7879,PNLTM,D,65000,119.5,112.2,107.1,101.5,92.3,83.0,76.2,68.9,61.5,54.6
A320-270N,EPNL,A,1500,93.7,89.2,85.8,82.1,75.9,68.4,62.8,55.6,46.3,32.3
A320-270N,EPNL,A,3000,94.8,90.1,86.6,83.0,76.8,68.9,63.3,56.3,47.1,33.1
A320-270N,EPNL,A,4500,96.1,91.3,87.7,83.9,77.8,70.0,64.4,57.7,48.9,36.2
A320-270N,EPNL,A,9000,98.8,94.0,90.3,86.3,79.8,72.0,66.2,59.3,50.3,38.4
A320-270N,EPNL,D,10000,99.5,94.4,90.7,86.4,79.7,71.8,66.0,58.9,49.6,37.4
A320-270N,EPNL,D,15000,102.1,96.9,93.2,88.9,82.1,74.4,68.7,62.1,53.2,42.5
A320-270N,EPNL,D,20000,105.2,99.6,95.8,91.6,85.4,78.1,72.8,66.6,58.5,48.2
A320-270N,EPNL,D,25000,108.2,102.5,98.9,94.9,88.7,80.9,75.8,69.7,62.4,53.5
A320-270N,EPNL,D,30000,109.4,103.7,100.1,96.3,90.2,82.7,77.7,71.8,64.5,56.1
A320-270N,LAmax,A,1500,88.8,82.2,77.6,72.8,65.1,56.5,50.2,43.2,35.3,27.2
A320-270N,LAmax,A,3000,89.7,83.0,78.4,73.5,65.8,57.1,50.8,43.6,35.6,27.3
A320-270N,LAmax,A,4500,90.9,83.9,79.1,74.2,66.4,57.8,51.5,44.4,36.3,27.9
A320-270N,LAmax,A,9000,94.4,87.4,82.5,77.6,69.7,60.9,54.4,46.8,38.0,29.1
A320-270N,LAmax,D,10000,94.9,87.6,82.7,77.6,69.5,60.7,54.1,46.3,37.7,28.9
A320-270N,LAmax,D,15000,97.6,90.3,85.4,80.2,72.1,62.9,56.3,48.6,39.9,31.2
A320-270N,LAmax,D,20000,100.6,93.5,88.8,83.9,75.8,67.1,60.4,52.6,43.7,34.5
A320-270N,LAmax,D,25000,103.7,96.3,91.3,86.1,77.5,68.8,62.5,55.2,46.7,38.0
A320-270N,LAmax,D,30000,104.9,97.5,92.7,87.5,79.0,70.4,63.9,56.7,48.5,39.8
A320-270N,PNLTM,A,1500,101.6,94.6,89.5,83.8,75.5,65.6,58.7,50.8,40.7,27.2
A320-270N,PNLTM,A,3000,103.5,96.1,90.9,85.7,77.4,66.0,59.1,51.1,41.0,27.6
A320-270N,PNLTM,A,4500,105.3,97.8,92.2,86.8,78.4,67.3,60.6,52.6,42.5,30.1
A320-270N,PNLTM,A,9000,107.8,100.4,94.9,89.5,80.7,70.2,62.8,54.0,43.8,31.6
A320-270N,PNLTM,D,10000,108.1,100.9,95.7,89.6,80.5,70.3,62.2,53.5,43.5,31.4
A320-270N,PNLTM,D,15000,112.4,104.9,99.6,93.6,83.8,73.6,66.0,57.1,46.4,34.5
A320-270N,PNLTM,D,20000,115.9,108.3,103.1,97.3,88.2,78.2,71.1,62.8,52.0,39.3
A320-270N,PNLTM,D,25000,119.7,112.0,106.6,100.9,91.2,80.5,72.7,63.8,54.5,44.4
A320-270N,PNLTM,D,30000,121.3,113.4,108.0,102.1,92.5,82.3,75.2,67.6,56.7,46.9
A320-270N,SEL,A,1500,91.1,87.1,84.2,81.1,75.9,69.6,64.7,59.1,52.6,45.5
A320-270N,SEL,A,3000,91.8,87.8,84.9,81.7,76.5,70.2,65.4,59.7,53.0,45.7
A320-270N,SEL,A,4500,92.9,88.7,85.7,82.5,77.3,71.0,66.2,60.6,54.0,46.7
A320-270N,SEL,A,9000,95.3,91.0,87.9,84.7,79.3,73.0,68.2,62.5,55.6,48.1
A320-270N,SEL,D,10000,95.6,91.1,87.9,84.5,79.1,72.7,67.8,61.9,54.9,47.3
A320-270N,SEL,D,15000,97.7,93.0,89.9,86.5,81.0,74.8,69.9,64.3,57.6,50.6
A320-270N,SEL,D,20000,99.9,95.3,92.1,88.9,83.8,77.8,73.2,67.8,61.4,54.6
A320-270N,SEL,D,25000,102.9,98.0,95.0,91.6,86.4,80.6,76.1,70.9,64.8,58.3
A320-270N,SEL,D,30000,104.1,99.3,96.3,93.0,87.7,81.9,77.6,72.5,66.5,60.1
A321-270N,EPNL,A,2000,95.4,90.7,87.3,83.2,77.2,69.5,63.9,57.1,48.5,37.7
A321-270N,EPNL,A,5000,99.1,94.3,90.6,86.4,79.9,72.2,66.6,60.0,51.2,40.4
A321-270N,EPNL,A,8000,99.8,94.9,91.2,86.9,80.3,72.5,66.9,60.4,51.2,41.2
A321-270N,EPNL,A,9000,100.8,96.1,92.3,88.0,81.2,73.2,67.5,60.9,52.0,42.1
A321-270N,EPNL,D,11000,101.6,96.6,92.9,88.6,81.5,73.4,67.7,61.1,52.5,42.5
A321-270N,EPNL,D,16000,104.0,99.0,95.3,91.0,84.1,76.1,70.8,64.4,56.7,48.6
A321-270N,EPNL,D,19000,104.8,99.4,95.9,91.6,85.3,77.9,72.6,66.4,58.9,50.5
A321-270N,EPNL,D,23000,106.2,101.4,97.8,93.7,87.2,79.8,74.8,68.7,61.6,53.5
A321-270N,EPNL,D,28000,106.5,101.8,98.2,94.2,88.3,80.8,75.8,69.8,62.5,54.0
A321-270N,LAmax,A,2000,88.2,82.4,78.1,73.5,65.9,57.5,51.4,44.6,37.0,29.4
A321-270N,LAmax,A,5000,91.2,85.0,80.6,75.8,68.0,59.3,53.1,46.1,38.3,30.3
A321-270N,LAmax,A,8000,92.1,85.8,81.2,76.3,68.4,59.6,53.3,46.3,38.5,30.6
A321-270N,LAmax,A,9000,93.1,87.0,82.3,77.2,69.2,60.4,54.1,46.9,39.0,31.0
A321-270N,LAmax,D,11000,94.0,87.4,82.8,77.7,69.6,60.7,54.4,47.2,39.2,31.1
A321-270N,LAmax,D,16000,96.6,90.0,85.3,80.3,72.3,63.5,57.0,49.8,41.6,33.5
A321-270N,LAmax,D,19000,97.3,90.7,86.3,81.4,73.6,64.9,58.4,51.1,42.9,34.9
A321-270N,LAmax,D,23000,99.1,92.8,88.4,83.5,75.5,66.8,60.4,53.1,45.0,36.9
A321-270N,LAmax,D,28000,99.5,93.4,89.0,84.2,76.3,67.7,61.3,54.0,45.8,37.5
A321-270N,SEL,A,2000,92.4,88.3,85.4,82.2,76.8,70.4,65.6,60.1,53.8,47.5
A321-270N,SEL,A,5000,95.5,91.2,88.3,84.9,79.5,73.0,68.1,62.5,55.9,49.1
A321-270N,SEL,A,8000,96.2,91.8,88.7,85.3,79.7,73.2,68.3,62.6,56.1,49.4
A321-270N,SEL,A,9000,97.2,92.9,89.6,86.1,80.4,73.9,68.9,63.2,56.7,50.0
A321-270N,SEL,D,11000,97.8,93.2,89.9,86.4,80.5,73.8,69.0,63.4,56.9,50.4
A321-270N,SEL,D,16000,99.9,95.3,92.1,88.5,82.9,76.6,71.8,66.4,60.1,53.7
A321-270N,SEL,D,19000,100.4,95.8,92.7,89.3,84.0,78.0,73.3,67.9,61.7,55.4
A321-270N,SEL,D,23000,101.7,97.4,94.3,91.0,85.6,79.6,75.1,69.8,63.8,57.7
A321-270N,SEL,D,28000,102.2,98.0,95.0,91.8,86.6,80.6,76.1,70.9,64.7,58.3
A321-270N,PNLTM,A,2000,101.3,94.9,90.1,84.6,76.8,67.1,60.4,52.6,43.3,32.8
A321-270N,PNLTM,A,5000,104.6,97.9,92.8,87.1,78.6,68.7,61.9,54.1,44.7,34.0
A321-270N,PNLTM,A,8000,105.6,98.8,93.6,88.5,79.7,69.7,62.8,55.0,45.0,35.9
A321-270N,PNLTM,A,9000,106.6,100.1,94.8,88.9,80.3,70.3,63.3,55.9,45.8,36.6
A321-270N,PNLTM,D,11000,107.7,100.9,95.7,89.9,80.6,70.2,63.3,55.4,46.2,36.6
A321-270N,PNLTM,D,16000,110.5,103.7,98.6,92.6,83.4,73.1,66.4,58.2,49.2,40.1
A321-270N,PNLTM,D,19000,111.2,104.3,99.2,93.5,84.9,74.5,67.4,59.6,51.2,42.1
A321-270N,PNLTM,D,23000,113.2,106.6,101.7,96.1,87.1,77.1,70.3,62.6,53.5,44.4
A321-270N,PNLTM,D,28000,113.6,106.9,102.0,96.7,88.4,78.1,71.5,63.9,54.0,44.8
A330-743L,EPNL,A,4000,99.2,94.0,90.3,86.4,80.3,72.9,67.6,61.5,53.7,45.6
A330-743L,EPNL,A,10000,101.6,96.3,92.7,88.6,82.2,74.7,69.2,63.0,55.2,47.0
A330-743L,EPNL,A,14000,102.4,96.9,93.0,89.1,82.9,75.3,69.9,63.7,56.1,48.1
A330-743L,EPNL,A,20000,104.1,98.2,94.1,89.9,83.8,76.2,70.9,64.8,57.3,49.4
A330-743L,EPNL,D,28000,105.0,100.2,96.5,92.6,85.3,77.9,72.6,66.1,58.5,50.7
A330-743L,EPNL,D,32000,106.5,100.6,97.2,93.3,87.0,79.7,74.5,68.4,61.0,53.5
A330-743L,EPNL,D,40000,109.8,103.6,100.5,96.8,90.5,83.1,77.9,71.8,65.2,58.1
A330-743L,EPNL,D,50000,112.1,106.6,103.4,99.7,94.1,87.1,82.1,76.4,70.0,63.4
A330-743L,EPNL,D,56000,113.8,109.4,106.2,102.6,97.4,90.4,85.6,80.2,73.9,67.6
A330-743L,LAmax,A,4000,90.9,84.6,80.3,75.6,67.9,59.3,53.1,46.4,39.1,31.8
A330-743L,LAmax,A,10000,93.1,86.7,82.1,77.2,69.4,60.8,54.6,47.7,40.1,32.5
A330-743L,LAmax,A,14000,93.5,87.1,82.6,77.7,69.9,61.4,55.2,48.3,40.7,33.1
A330-743L,LAmax,A,20000,94.6,88.2,83.7,78.8,71.0,62.5,56.2,49.3,41.6,34.0
A330-743L,LAmax,D,28000,96.4,90.1,85.6,80.7,72.9,64.1,57.9,50.9,43.0,34.9
A330-743L,LAmax,D,32000,98.2,91.5,87.1,82.2,74.4,65.8,59.6,52.7,44.7,36.6
A330-743L,LAmax,D,40000,101.1,94.6,90.2,85.5,77.7,69.0,62.7,55.8,47.9,39.8
A330-743L,LAmax,D,50000,104.6,98.5,94.3,89.7,82.0,73.3,66.9,59.9,52.0,44.0
A330-743L,LAmax,D,56000,107.4,101.6,97.5,92.9,85.2,76.6,70.2,63.2,55.4,47.4
A330-743L,SEL,A,4000,96.0,91.4,88.2,85.0,79.7,73.6,68.9,63.7,58.0,52.3
A330-743L,SEL,A,10000,98.1,93.4,90.1,86.7,81.3,75.1,70.4,65.1,59.1,53.1
A330-743L,SEL,A,14000,98.8,93.9,90.5,87.2,81.8,75.6,71.0,65.7,59.8,53.8
A330-743L,SEL,A,20000,99.7,94.6,91.4,88.1,82.6,76.4,71.8,66.6,60.7,54.7
A330-743L,SEL,D,28000,100.7,96.0,92.8,89.5,83.7,77.5,72.8,67.5,61.4,55.1
A330-743L,SEL,D,32000,102.6,96.8,93.9,90.7,85.3,79.2,74.7,69.5,63.4,57.1
A330-743L,SEL,D,40000,105.0,99.8,97.0,93.8,88.5,82.4,77.8,72.7,66.7,60.5
A330-743L,SEL,D,50000,108.3,103.2,100.5,97.4,92.3,86.4,81.9,76.8,70.9,64.7
A330-743L,SEL,D,56000,110.6,106.2,103.4,100.4,95.5,89.7,85.3,80.3,74.4,68.2
A330-743L,PNLTM,A,4000,104.3,97.5,92.4,86.9,78.8,69.0,62.2,54.6,46.0,37.1
A330-743L,PNLTM,A,10000,106.8,99.8,94.6,89.3,80.6,70.9,63.7,56.0,47.4,38.3
A330-743L,PNLTM,A,14000,107.1,100.3,95.3,90.4,81.4,71.1,64.3,56.7,48.2,39.1
A330-743L,PNLTM,A,20000,108.2,101.6,96.5,90.7,82.3,72.3,65.7,58.3,49.4,40.7
A330-743L,PNLTM,D,28000,110.7,103.8,98.7,93.8,84.3,74.6,67.6,59.6,51.1,42.4
A330-743L,PNLTM,D,32000,111.9,105.0,100.0,94.4,85.6,75.9,69.1,61.5,53.0,44.8
A330-743L,PNLTM,D,40000,115.5,108.0,103.3,98.1,89.5,79.2,72.4,64.9,56.5,48.7
A330-743L,PNLTM,D,50000,118.2,111.8,107.2,101.7,93.3,83.5,76.7,69.3,61.1,53.7
A330-743L,PNLTM,D,56000,121.0,114.7,110.1,104.8,96.7,87.0,80.3,72.9,64.9,57.5
A350-1041,EPNL,A,3000,98.4,94.3,91.3,87.9,81.4,74.5,69.0,62.5,55.2,46.7
A350-1041,EPNL,A,7000,101.2,96.7,93.1,89.2,82.6,74.8,69.4,62.8,55.4,46.8
A350-1041,EPNL,A,15000,101.6,96.9,93.5,89.6,83.1,75.3,69.8,63.2,55.8,47.3
A350-1041,EPNL,A,23000,102.8,98.0,94.4,90.4,83.9,76.2,71.0,64.4,57.0,48.4
A350-1041,EPNL,D,21000,100.3,95.6,91.5,87.1,80.2,71.9,66.0,58.8,50.2,39.4
A350-1041,EPNL,D,40000,102.8,98.4,94.9,90.6,84.0,76.0,70.7,64.5,56.8,47.4
A350-1041,EPNL,D,50000,105.9,101.3,98.2,94.3,87.9,80.3,75.2,69.3,62.3,53.8
A350-1041,EPNL,D,60000,107.6,103.6,100.4,96.8,91.2,83.8,78.9,73.3,66.7,58.7
A350-1041,EPNL,D,80000,112.4,108.3,104.9,101.1,95.7,88.8,84.0,78.5,72.0,64.4
A350-1041,LAmax,A,3000,91.1,85.4,81.1,76.5,68.9,60.3,54.2,47.7,40.5,33.4
A350-1041,LAmax,A,7000,93.1,86.9,82.4,77.6,69.6,60.8,54.6,47.9,40.7,33.5
A350-1041,LAmax,A,15000,93.3,87.0,82.5,77.7,69.8,61.1,55.0,48.3,41.0,33.7
A350-1041,LAmax,A,23000,94.3,87.9,83.3,78.5,70.7,62.2,56.0,49.2,41.8,34.3
A350-1041,LAmax,D,21000,91.1,84.8,79.7,74.2,66.4,57.9,51.8,44.9,36.9,28.8
A350-1041,LAmax,D,40000,94.8,88.7,84.3,79.4,71.4,62.7,56.3,49.3,41.3,33.3
A350-1041,LAmax,D,50000,98.0,92.0,87.6,82.7,74.8,66.1,59.9,53.1,45.4,37.5
A350-1041,LAmax,D,60000,100.2,94.4,90.0,85.3,77.5,68.9,62.8,56.1,48.7,40.9
A350-1041,LAmax,D,80000,105.3,99.8,95.4,90.7,83.0,74.5,68.4,61.5,53.9,45.9
A350-1041,SEL,A,3000,95.4,91.7,88.9,85.8,80.6,74.4,69.9,64.7,59.1,53.5
A350-1041,SEL,A,7000,97.6,93.5,90.5,87.0,81.4,74.9,70.2,65.0,59.3,53.6
A350-1041,SEL,A,15000,97.9,93.9,90.8,87.4,81.8,75.4,70.6,65.4,59.6,53.8
A350-1041,SEL,A,23000,98.8,94.6,91.5,88.2,82.6,76.3,71.6,66.4,60.5,54.5
A350-1041,SEL,D,21000,95.8,91.5,88.2,84.5,78.6,72.1,67.3,61.7,55.1,48.2
A350-1041,SEL,D,40000,98.3,94.2,91.0,87.6,82.2,76.0,71.5,66.2,60.3,54.1
A350-1041,SEL,D,50000,101.2,97.3,94.2,91.0,85.7,79.7,75.3,70.3,64.4,58.2
A350-1041,SEL,D,60000,103.4,99.6,96.6,93.6,88.5,82.7,78.5,73.6,67.9,61.8
A350-1041,SEL,D,80000,108.4,104.7,101.8,98.8,93.7,87.8,83.4,78.4,72.6,66.3
A350-1041,PNLTM,A,3000,104.2,98.7,94.5,89.3,80.1,70.7,63.6,56.4,48.2,38.2
A350-1041,PNLTM,A,7000,106.7,100.1,95.4,90.0,81.5,71.3,64.7,56.6,48.3,38.3
A350-1041,PNLTM,A,15000,106.8,100.2,95.4,90.2,81.6,71.6,64.9,57.0,48.8,38.8
A350-1041,PNLTM,A,23000,108.3,101.6,96.5,90.7,82.0,72.4,65.8,57.9,49.7,39.9
A350-1041,PNLTM,D,21000,106.0,99.8,94.7,88.3,77.9,67.7,60.7,52.7,43.4,32.5
A350-1041,PNLTM,D,40000,109.2,103.3,98.4,92.9,83.5,72.8,65.9,57.9,48.8,38.1
A350-1041,PNLTM,D,50000,112.2,105.8,101.7,96.5,87.8,77.1,70.2,62.5,54.1,44.5
A350-1041,PNLTM,D,60000,114.3,109.1,104.2,99.0,90.4,80.1,73.7,66.5,58.3,49.0
A350-1041,PNLTM,D,80000,119.1,113.4,108.4,102.9,94.9,85.2,78.8,71.7,63.6,54.5
ERJ190-300,SEL,A,3797,92.0,88.0,85.0,81.8,76.6,70.7,66.4,61.3,55.4,49.0
ERJ190-300,SEL,A,3219,91.3,87.3,84.4,81.3,76.1,70.3,66.0,61.0,55.1,48.7
ERJ190-300,SEL,A,2818,90.9,86.9,84.0,80.9,75.8,70.1,65.7,60.7,54.9,48.6
ERJ190-300,SEL,A,2262,90.3,86.3,83.5,80.4,75.4,69.7,65.4,60.4,54.7,48.3
ERJ190-300,SEL,A,1884,89.9,85.8,83.1,80.1,75.1,69.4,65.2,60.2,54.5,48.1
ERJ190-300,PNLTM,A,3797,103.9,96.9,91.7,86.1,77.2,67.5,59.2,51.2,41.4,29.8
ERJ190-300,PNLTM,A,3219,103.2,96.1,91.0,85.5,76.7,67.2,59.0,51.0,41.2,29.5
ERJ190-300,PNLTM,A,2818,102.7,95.5,90.4,85.0,76.4,66.9,58.8,50.8,41.1,29.3
ERJ190-300,PNLTM,A,2262,102.0,94.8,89.7,84.5,75.9,66.6,58.6,50.6,40.8,29.0
ERJ190-300,PNLTM,A,1884,101.6,94.3,89.3,84.1,75.6,66.4,58.5,50.5,40.7,28.9
ERJ190-300,LAmax,A,3797,89.3,82.5,77.9,72.9,65.1,56.6,50.6,43.8,36.1,28.0
ERJ190-300,LAmax,A,3219,88.7,82.0,77.3,72.4,64.7,56.2,50.2,43.4,35.8,27.8
ERJ190-300,LAmax,A,2818,88.3,81.6,77.0,72.1,64.3,56.0,49.9,43.2,35.6,27.6
ERJ190-300,LAmax,A,2262,87.8,81.0,76.4,71.6,63.9,55.6,49.6,42.9,35.3,27.3
ERJ190-300,LAmax,A,1884,87.4,80.6,76.1,71.2,63.6,55.3,49.3,42.7,35.1,27.2
ERJ190-300,EPNL,A,3797,97.0,92.3,88.7,84.4,78.1,71.0,64.8,58.3,50.1,39.2
ERJ190-300,EPNL,A,3219,96.4,91.7,88.1,83.9,77.7,70.6,64.6,58.1,49.9,38.9
ERJ190-300,EPNL,A,2818,96.0,91.3,87.7,83.6,77.5,70.4,64.4,58.0,49.7,38.6
ERJ190-300,EPNL,A,2262,95.4,90.7,87.2,83.2,77.1,70.0,64.2,57.7,49.5,38.3
ERJ190-300,EPNL,A,1884,95.0,90.3,86.8,82.9,76.9,69.8,64.0,57.6,49.4,38.1
ERJ190-300,LAmax,D,19544,101.4,94.8,89.9,84.6,76.0,65.3,58.8,51.6,43.5,35.1
ERJ190-300,LAmax,D,14743,97.3,90.0,85.3,80.1,71.8,62.7,56.2,49.0,40.9,32.5
ERJ190-300,LAmax,D,13037,95.8,88.3,83.6,78.5,70.3,61.7,55.3,48.1,40.0,31.6
ERJ190-300,LAmax,D,10656,93.8,86.0,81.3,76.3,68.2,60.4,54.0,46.8,38.7,30.3
ERJ190-300,LAmax,D,8254,91.8,83.6,79.0,74.1,66.1,59.1,52.7,45.6,37.4,29.0
ERJ190-300,SEL,D,19544,100.3,96.3,93.3,90.0,84.4,76.8,72.3,67.2,61.4,55.0
ERJ190-300,SEL,D,14743,97.1,92.8,89.7,86.3,80.8,74.5,70.0,64.8,58.8,52.4
ERJ190-300,SEL,D,13037,95.9,91.5,88.4,85.0,79.5,73.7,69.1,63.9,57.9,51.4
ERJ190-300,SEL,D,10656,94.3,89.8,86.6,83.2,77.7,72.5,68.0,62.7,56.6,50.1
ERJ190-300,SEL,D,8254,92.6,88.0,84.8,81.4,75.9,71.4,66.8,61.5,55.3,48.8
ERJ190-300,PNLTM,D,19544,118.6,111.5,106.3,100.1,90.3,77.2,70.1,62.0,52.2,41.1
ERJ190-300,PNLTM,D,14743,113.9,106.3,101.1,95.0,85.3,73.9,66.8,58.6,48.7,37.1
ERJ190-300,PNLTM,D,13037,112.2,104.4,99.2,93.2,83.6,72.7,65.6,57.4,47.4,35.7
ERJ190-300,PNLTM,D,10656,109.9,101.8,96.6,90.7,81.1,71.1,64.0,55.8,45.7,33.7
ERJ190-300,PNLTM,D,8254,107.6,99.2,94.0,88.2,78.6,69.4,62.4,54.1,43.9,31.6
ERJ190-300,EPNL,D,19544,107.5,103.1,99.7,95.7,88.4,78.7,73.2,66.9,59.4,50.2
ERJ190-300,EPNL,D,14743,103.5,98.8,95.1,90.9,83.9,75.3,69.9,63.5,55.7,45.9
ERJ190-300,EPNL,D,13037,102.1,97.3,93.5,89.2,82.2,74.1,68.7,62.4,54.4,44.3
ERJ190-300,EPNL,D,10656,100.1,95.1,91.2,86.8,80.0,72.4,67.1,60.7,52.6,42.2
ERJ190-300,EPNL,D,8254,98.1,92.9,88.9,84.4,77.7,70.7,65.4,59.0,50.7,40.0
ERJ190-400,SEL,A,3797,92.0,88.0,85.0,81.8,76.6,70.7,66.4,61.3,55.4,49.0
ERJ190-400,SEL,A,3219,91.3,87.3,84.4,81.3,76.1,70.3,66.0,61.0,55.1,48.7
ERJ190-400,SEL,A,2818,90.9,86.9,84.0,80.9,75.8,70.1,65.7,60.7,54.9,48.6
ERJ190-400,SEL,A,2262,90.3,86.3,83.5,80.4,75.4,69.7,65.4,60.4,54.7,48.3
ERJ190-400,SEL,A,1884,89.9,85.8,83.1,80.1,75.1,69.4,65.2,60.2,54.5,48.1
ERJ190-400,PNLTM,A,3797,103.9,96.9,91.7,86.1,77.2,67.5,59.2,51.2,41.4,29.8
ERJ190-400,PNLTM,A,3219,103.2,96.1,91.0,85.5,76.7,67.2,59.0,51.0,41.2,29.5
ERJ190-400,PNLTM,A,2818,102.7,95.5,90.4,85.0,76.4,66.9,58.8,50.8,41.1,29.3
ERJ190-400,PNLTM,A,2262,102.0,94.8,89.7,84.5,75.9,66.6,58.6,50.6,40.8,29.0
ERJ190-400,PNLTM,A,1884,101.6,94.3,89.3,84.1,75.6,66.4,58.5,50.5,40.7,28.9
ERJ190-400,LAmax,A,3797,89.3,82.5,77.9,72.9,65.1,56.6,50.6,43.8,36.1,28.0
ERJ190-400,LAmax,A,3219,88.7,82.0,77.3,72.4,64.7,56.2,50.2,43.4,35.8,27.8
ERJ190-400,LAmax,A,2818,88.3,81.6,77.0,72.1,64.3,56.0,49.9,43.2,35.6,27.6
ERJ190-400,LAmax,A,2262,87.8,81.0,76.4,71.6,63.9,55.6,49.6,42.9,35.3,27.3
ERJ190-400,LAmax,A,1884,87.4,80.6,76.1,71.2,63.6,55.3,49.3,42.7,35.1,27.2
ERJ190-400,EPNL,A,3797,97.0,92.3,88.7,84.4,78.1,71.0,64.8,58.3,50.1,39.2
ERJ190-400,EPNL,A,3219,96.4,91.7,88.1,83.9,77.7,70.6,64.6,58.1,49.9,38.9
ERJ190-400,EPNL,A,2818,96.0,91.3,87.7,83.6,77.5,70.4,64.4,58.0,49.7,38.6
ERJ190-400,EPNL,A,2262,95.4,90.7,87.2,83.2,77.1,70.0,64.2,57.7,49.5,38.3
ERJ190-400,EPNL,A,1884,95.0,90.3,86.8,82.9,76.9,69.8,64.0,57.6,49.4,38.1
ERJ190-400,LAmax,D,19544,101.4,94.8,89.9,84.6,76.0,65.3,58.8,51.6,43.5,35.1
ERJ190-400,LAmax,D,14743,97.3,90.0,85.3,80.1,71.8,62.7,56.2,49.0,40.9,32.5
ERJ190-400,LAmax,D,13037,95.8,88.3,83.6,78.5,70.3,61.7,55.3,48.1,40.0,31.6
ERJ190-400,LAmax,D,10656,93.8,86.0,81.3,76.3,68.2,60.4,54.0,46.8,38.7,30.3
ERJ190-400,LAmax,D,8254,91.8,83.6,79.0,74.1,66.1,59.1,52.7,45.6,37.4,29.0
ERJ190-400,SEL,D,19544,100.3,96.3,93.3,90.0,84.4,76.8,72.3,67.2,61.4,55.0
ERJ190-400,SEL,D,14743,97.1,92.8,89.7,86.3,80.8,74.5,70.0,64.8,58.8,52.4
ERJ190-400,SEL,D,13037,95.9,91.5,88.4,85.0,79.5,73.7,69.1,63.9,57.9,51.4
ERJ190-400,SEL,D,10656,94.3,89.8,86.6,83.2,77.7,72.5,68.0,62.7,56.6,50.1
ERJ190-400,SEL,D,8254,92.6,88.0,84.8,81.4,75.9,71.4,66.8,61.5,55.3,48.8
ERJ190-400,PNLTM,D,19544,118.6,111.5,106.3,100.1,90.3,77.2,70.1,62.0,52.2,41.1
ERJ190-400,PNLTM,D,14743,113.9,106.3,101.1,95.0,85.3,73.9,66.8,58.6,48.7,37.1
ERJ190-400,PNLTM,D,13037,112.2,104.4,99.2,93.2,83.6,72.7,65.6,57.4,47.4,35.7
ERJ190-400,PNLTM,D,10656,109.9,101.8,96.6,90.7,81.1,71.1,64.0,55.8,45.7,33.7
ERJ190-400,PNLTM,D,8254,107.6,99.2,94.0,88.2,78.6,69.4,62.4,54.1,43.9,31.6
ERJ190-400,EPNL,D,19544,107.5,103.1,99.7,95.7,88.4,78.7,73.2,66.9,59.4,50.2
ERJ190-400,EPNL,D,14743,103.5,98.8,95.1,90.9,83.9,75.3,69.9,63.5,55.7,45.9
ERJ190-400,EPNL,D,13037,102.1,97.3,93.5,89.2,82.2,74.1,68.7,62.4,54.4,44.3
ERJ190-400,EPNL,D,10656,100.1,95.1,91.2,86.8,80.0,72.4,67.1,60.7,52.6,42.2
ERJ190-400,EPNL,D,8254,98.1,92.9,88.9,84.4,77.7,70.7,65.4,59.0,50.7,40.0
FAL900EX,EPNL,A         ,500,94.3,89.8,86.4,82.6,76.0,67.6,61.7,55.9,49.0,36.2
FAL900EX,EPNL,A         ,1000,95.3,90.7,87.3,83.2,75.9,67.4,62.0,56.2,49.4,36.8
FAL900EX,EPNL,A         ,1500,96.5,92.0,88.6,84.6,76.7,68.5,63.4,57.7,51.0,38.7
FAL900EX,EPNL,A         ,2000,98.0,93.7,90.4,86.6,78.5,70.9,65.8,60.4,53.8,41.8
FAL900EX,EPNL,D         ,2500,98.3,94.0,90.7,86.7,79.9,71.4,66.3,61.2,55.0,45.1
FAL900EX,EPNL,D         ,3000,101.7,97.5,94.1,90.2,83.1,74.8,69.6,64.5,58.9,49.8
FAL900EX,EPNL,D         ,3500,104.5,100.3,96.9,92.9,85.8,77.6,72.4,67.3,61.9,53.5
FAL900EX,EPNL,D         ,4000,106.7,102.4,99.0,95.1,88.0,79.7,74.6,69.5,64.3,56.1
FAL900EX,EPNL,D         ,4500,108.1,103.8,100.4,96.5,89.7,81.2,76.3,71.2,65.9,57.6
FAL900EX,EPNL,D         ,4700,108.5,104.2,100.8,96.9,90.2,81.6,76.8,71.8,66.3,57.9
FAL900EX,LAmax,A         ,500,86.9,80.0,75.4,70.4,62.3,53.0,46.1,38.6,30.5,22.1
FAL900EX,LAmax,A         ,1000,88.3,81.3,76.5,71.4,63.1,53.8,46.9,39.4,31.1,22.6
FAL900EX,LAmax,A         ,1500,90.3,83.2,78.3,73.0,64.7,55.4,48.5,40.9,32.5,23.8
FAL900EX,LAmax,A         ,2000,92.8,85.6,80.7,75.4,67.1,57.8,50.9,43.2,34.7,25.9
FAL900EX,LAmax,D         ,2500,94.2,87.2,82.3,77.1,68.7,59.7,53.1,45.6,37.3,28.7
FAL900EX,LAmax,D         ,3000,96.8,90.0,85.2,80.1,71.7,62.7,55.8,48.2,39.6,30.9
FAL900EX,LAmax,D         ,3500,99.9,93.0,88.3,83.1,74.7,65.3,58.3,50.5,41.8,32.9
FAL900EX,LAmax,D         ,4000,103.3,96.4,91.5,86.3,77.5,67.7,60.6,52.6,43.8,34.9
FAL900EX,LAmax,D         ,4500,107.2,100.1,95.1,89.5,80.2,69.9,62.5,54.5,45.7,36.7
FAL900EX,LAmax,D         ,4700,108.8,101.6,96.5,90.8,81.3,70.7,63.3,55.2,46.4,37.4
FAL900EX,PNLTM,A         ,500,101.0,93.7,88.7,83.2,74.3,63.7,56.3,49.0,40.6,26.4
FAL900EX,PNLTM,A         ,1000,102.9,95.6,90.3,84.4,74.8,64.1,57.2,49.8,41.5,27.5
FAL900EX,PNLTM,A         ,1500,104.7,97.5,92.2,86.2,76.1,65.6,59.0,51.8,43.6,29.8
FAL900EX,PNLTM,A         ,2000,106.4,99.4,94.3,88.5,78.2,68.3,61.7,54.8,46.7,33.3
FAL900EX,PNLTM,D         ,2500,110.5,103.2,98.0,91.9,81.0,70.3,63.7,57.1,49.4,38.0
FAL900EX,PNLTM,D         ,3000,112.9,105.5,100.2,94.1,83.6,73.0,66.4,59.8,52.6,42.1
FAL900EX,PNLTM,D         ,3500,115.3,107.9,102.5,96.5,86.1,75.7,69.0,62.4,55.5,45.6
FAL900EX,PNLTM,D         ,4000,117.8,110.4,105.0,99.0,88.7,78.2,71.6,65.0,58.3,48.6
FAL900EX,PNLTM,D         ,4500,120.4,113.0,107.7,101.7,91.3,80.6,74.2,67.6,60.8,51.0
FAL900EX,PNLTM,D         ,4700,121.4,114.1,108.8,102.8,92.4,81.5,75.2,68.7,61.7,51.8
FAL900EX,SEL,A         ,500,89.8,85.8,82.9,79.8,74.0,66.9,61.5,55.4,48.9,41.9
FAL900EX,SEL,A         ,1000,90.7,86.6,83.7,80.4,74.4,67.4,62.0,55.9,49.2,42.1
FAL900EX,SEL,A         ,1500,92.1,88.0,85.0,81.7,75.7,68.6,63.2,57.1,50.3,43.0
FAL900EX,SEL,A         ,2000,94.0,89.9,87.0,83.7,77.7,70.6,65.2,59.0,52.0,44.6
FAL900EX,SEL,D         ,2500,93.8,89.9,87.1,84.0,78.6,71.9,66.7,60.8,54.0,46.9
FAL900EX,SEL,D         ,3000,96.8,92.9,90.1,86.9,81.5,74.6,69.3,63.1,56.1,48.8
FAL900EX,SEL,D         ,3500,99.6,95.7,92.9,89.7,84.1,77.0,71.5,65.2,58.0,50.6
FAL900EX,SEL,D         ,4000,102.3,98.4,95.5,92.2,86.6,79.1,73.4,67.0,59.7,52.2
FAL900EX,SEL,D         ,4500,104.8,100.9,98.0,94.7,88.9,80.9,75.0,68.4,61.2,53.6
FAL900EX,SEL,D         ,4700,105.8,101.8,98.9,95.6,89.8,81.5,75.5,69.0,61.7,54.2
