ACFT_ID,Profile_ID,Stage Length,Step Number,Step Type,Thrust Rating,Flap_ID,End Point Altitude (ft),Rate Of Climb (ft/min),End Point CAS (kt),Accel Percentage (%)
747400RN,ICAO_A,1,1,Takeoff,MaxTakeoff,T_10D,,,,
747400RN,ICAO_A,1,2,Climb,MaxTakeoff,T_10U,1500,,,
747400RN,ICAO_A,1,3,Climb,MaxClimb,T_10U,3000,,,
747400RN,ICAO_A,1,4,Accelerate,MaxClimb,T_05U,,904.6,191.0,55
747400RN,ICAO_A,1,5,Accelerate,MaxClimb,T_01U,,1045.0,243.5,55
747400RN,ICAO_A,1,6,Climb,MaxClimb,T_01U,4873,,,
747400RN,ICAO_A,1,7,Climb,MaxClimb,T_00U,5656,,,
747400RN,ICAO_A,1,8,Accelerate,MaxClimb,T_00U,,1096.0,250.0,60
747400RN,ICAO_A,1,9,Climb,MaxClimb,T_00U,7500,,,
747400RN,ICAO_A,1,10,Climb,MaxClimb,T_00U,10000,,,
747400RN,ICAO_A,2,1,Takeoff,MaxTakeoff,T_10D,,,,
747400RN,ICAO_A,2,2,Climb,MaxTakeoff,T_10U,1500,,,
747400RN,ICAO_A,2,3,Climb,MaxClimb,T_10U,3000,,,
747400RN,ICAO_A,2,4,Accelerate,MaxClimb,T_05U,,870.2,193.0,55
747400RN,ICAO_A,2,5,Accelerate,MaxClimb,T_01U,,1005.3,245.0,55
747400RN,ICAO_A,2,6,Climb,MaxClimb,T_01U,4859,,,
747400RN,ICAO_A,2,7,Climb,MaxClimb,T_00U,5647,,,
747400RN,ICAO_A,2,8,Accelerate,MaxClimb,T_00U,,1053.3,250.0,60
747400RN,ICAO_A,2,9,Climb,MaxClimb,T_00U,7500,,,
747400RN,ICAO_A,2,10,Climb,MaxClimb,T_00U,10000,,,
747400RN,ICAO_A,3,1,Takeoff,MaxTakeoff,T_10D,,,,
747400RN,ICAO_A,3,2,Climb,MaxTakeoff,T_10U,1500,,,
747400RN,ICAO_A,3,3,Climb,MaxClimb,T_10U,3000,,,
747400RN,ICAO_A,3,4,Accelerate,MaxClimb,T_05U,,819.5,196.0,55
747400RN,ICAO_A,3,5,Accelerate,MaxClimb,T_01U,,961.7,248.0,55
747400RN,ICAO_A,3,6,Climb,MaxClimb,T_01U,4808,,,
747400RN,ICAO_A,3,7,Climb,MaxClimb,T_00U,5493,,,
747400RN,ICAO_A,3,8,Accelerate,MaxClimb,T_00U,,1009.1,250.0,60
747400RN,ICAO_A,3,9,Climb,MaxClimb,T_00U,7500,,,
747400RN,ICAO_A,3,10,Climb,MaxClimb,T_00U,10000,,,
747400RN,ICAO_A,4,1,Takeoff,MaxTakeoff,T_10D,,,,
747400RN,ICAO_A,4,2,Climb,MaxTakeoff,T_10U,1500,,,
747400RN,ICAO_A,4,3,Climb,MaxClimb,T_10U,3000,,,
747400RN,ICAO_A,4,4,Accelerate,MaxClimb,T_05U,,733.7,200.9,55
747400RN,ICAO_A,4,5,Accelerate,MaxClimb,T_01U,,876.5,254.0,55
747400RN,ICAO_A,4,6,Climb,MaxClimb,T_01U,4372,,,
747400RN,ICAO_A,4,7,Climb,MaxClimb,T_00U,5315,,,
747400RN,ICAO_A,4,8,Accelerate,MaxClimb,T_00U,,940.6,253.7,60
747400RN,ICAO_A,4,9,Climb,MaxClimb,T_00U,7500,,,
747400RN,ICAO_A,4,10,Climb,MaxClimb,T_00U,10000,,,
747400RN,ICAO_A,5,1,Takeoff,MaxTakeoff,T_10D,,,,
747400RN,ICAO_A,5,2,Climb,MaxTakeoff,T_10U,1500,,,
747400RN,ICAO_A,5,3,Climb,MaxClimb,T_10U,3000,,,
747400RN,ICAO_A,5,4,Accelerate,MaxClimb,T_05U,,668.5,206.0,55
747400RN,ICAO_A,5,5,Accelerate,MaxClimb,T_01U,,762.9,244.7,55
747400RN,ICAO_A,5,6,Accelerate,MaxClimb,T_01U,,861.0,255.0,55
747400RN,ICAO_A,5,7,Climb,MaxClimb,T_01U,4630,,,
747400RN,ICAO_A,5,8,Accelerate,MaxClimb,T_01U,,908.1,259.6,60
747400RN,ICAO_A,5,9,Climb,MaxClimb,T_00U,7500,,,
747400RN,ICAO_A,5,10,Climb,MaxClimb,T_00U,10000,,,
747400RN,ICAO_A,6,1,Takeoff,MaxTakeoff,T_10D,,,,
747400RN,ICAO_A,6,2,Climb,MaxTakeoff,T_10U,1500,,,
747400RN,ICAO_A,6,3,Climb,MaxClimb,T_10U,3000,,,
747400RN,ICAO_A,6,4,Accelerate,MaxClimb,T_05U,,600.1,210.9,55
747400RN,ICAO_A,6,5,Accelerate,MaxClimb,T_01U,,677.7,239.4,55
747400RN,ICAO_A,6,6,Accelerate,MaxClimb,T_01U,,739.6,255.0,55
747400RN,ICAO_A,6,7,Climb,MaxClimb,T_01U,4584,,,
747400RN,ICAO_A,6,8,Accelerate,MaxClimb,T_01U,,842.9,266.1,60
747400RN,ICAO_A,6,9,Climb,MaxClimb,T_00U,7500,,,
747400RN,ICAO_A,6,10,Climb,MaxClimb,T_00U,10000,,,
747400RN,ICAO_A,7,1,Takeoff,MaxTakeoff,T_10D,,,,
747400RN,ICAO_A,7,2,Climb,MaxTakeoff,T_10U,1500,,,
747400RN,ICAO_A,7,3,Climb,MaxClimb,T_10U,3000,,,
747400RN,ICAO_A,7,4,Accelerate,MaxClimb,T_05U,,533.3,216.8,55
747400RN,ICAO_A,7,5,Accelerate,MaxClimb,T_01U,,589.6,232.4,55
747400RN,ICAO_A,7,6,Accelerate,MaxClimb,T_01U,,642.9,254.7,55
747400RN,ICAO_A,7,7,Climb,MaxClimb,T_01U,4590,,,
747400RN,ICAO_A,7,8,Accelerate,MaxClimb,T_01U,,800.1,272.8,60
747400RN,ICAO_A,7,9,Climb,MaxClimb,T_00U,7500,,,
747400RN,ICAO_A,7,10,Climb,MaxClimb,T_00U,10000,,,
747400RN,ICAO_A,8,1,Takeoff,MaxTakeoff,T_10D,,,,
747400RN,ICAO_A,8,2,Climb,MaxTakeoff,T_10U,1500,,,
747400RN,ICAO_A,8,3,Climb,MaxClimb,T_10U,3000,,,
747400RN,ICAO_A,8,4,Accelerate,MaxClimb,T_05U,,470.1,223.4,55
747400RN,ICAO_A,8,5,Accelerate,MaxClimb,T_01U,,517.3,236.4,55
747400RN,ICAO_A,8,6,Accelerate,MaxClimb,T_01U,,559.8,254.7,55
747400RN,ICAO_A,8,7,Climb,MaxClimb,T_01U,4652,,,
747400RN,ICAO_A,8,8,Accelerate,MaxClimb,T_01U,,678.0,279.9,60
747400RN,ICAO_A,8,9,Climb,MaxClimb,T_00U,7500,,,
747400RN,ICAO_A,8,10,Climb,MaxClimb,T_00U,10000,,,
747400RN,ICAO_A,M,1,Takeoff,MaxTakeoff,T_10D,,,,
747400RN,ICAO_A,M,2,Climb,MaxTakeoff,T_10U,1500,,,
747400RN,ICAO_A,M,3,Climb,MaxClimb,T_10U,3000,,,
747400RN,ICAO_A,M,4,Accelerate,MaxClimb,T_05U,,437.1,226.7,55
747400RN,ICAO_A,M,5,Accelerate,MaxClimb,T_01U,,486.6,244.8,55
747400RN,ICAO_A,M,6,Accelerate,MaxClimb,T_01U,,524.2,255.0,55
747400RN,ICAO_A,M,7,Climb,MaxClimb,T_01U,4693,,,
747400RN,ICAO_A,M,8,Accelerate,MaxClimb,T_01U,,648.4,283.5,60
747400RN,ICAO_A,M,9,Climb,MaxClimb,T_00U,7500,,,
747400RN,ICAO_A,M,10,Climb,MaxClimb,T_00U,10000,,,
747400RN,ICAO_B,1,1,Takeoff,MaxTakeoff,T_10D,,,,
747400RN,ICAO_B,1,2,Climb,MaxTakeoff,T_10U,1000,,,
747400RN,ICAO_B,1,3,Accelerate,MaxTakeoff,T_10U,,1338.1,184.0,55
747400RN,ICAO_B,1,4,Climb,MaxTakeoff,T_10U,2897,,,
747400RN,ICAO_B,1,5,Accelerate,MaxClimb,T_05U,,948.2,204.0,55
747400RN,ICAO_B,1,6,Accelerate,MaxClimb,T_01U,,1044.2,243.0,55
747400RN,ICAO_B,1,7,Climb,MaxClimb,T_01U,4519,,,
747400RN,ICAO_B,1,8,Climb,MaxClimb,T_00U,5267,,,
747400RN,ICAO_B,1,9,Accelerate,MaxClimb,T_00U,,1100.9,250.0,60
747400RN,ICAO_B,1,10,Climb,MaxClimb,T_00U,7500,,,
747400RN,ICAO_B,1,11,Climb,MaxClimb,T_00U,10000,,,
747400RN,ICAO_B,2,1,Takeoff,MaxTakeoff,T_10D,,,,
747400RN,ICAO_B,2,2,Climb,MaxTakeoff,T_10U,1000,,,
747400RN,ICAO_B,2,3,Accelerate,MaxTakeoff,T_10U,,1269.7,186.1,55
747400RN,ICAO_B,2,4,Climb,MaxTakeoff,T_10U,2774,,,
747400RN,ICAO_B,2,5,Accelerate,MaxClimb,T_05U,,963.0,206.1,55
747400RN,ICAO_B,2,6,Accelerate,MaxClimb,T_01U,,999.0,246.0,55
747400RN,ICAO_B,2,7,Climb,MaxClimb,T_01U,4367,,,
747400RN,ICAO_B,2,8,Climb,MaxClimb,T_00U,5087,,,
747400RN,ICAO_B,2,9,Accelerate,MaxClimb,T_00U,,1058.7,250.0,60
747400RN,ICAO_B,2,10,Climb,MaxClimb,T_00U,7500,,,
747400RN,ICAO_B,2,11,Climb,MaxClimb,T_00U,10000,,,
747400RN,ICAO_B,3,1,Takeoff,MaxTakeoff,T_10D,,,,
747400RN,ICAO_B,3,2,Climb,MaxTakeoff,T_10U,1000,,,
747400RN,ICAO_B,3,3,Accelerate,MaxTakeoff,T_10U,,1207.2,189.0,55
747400RN,ICAO_B,3,4,Climb,MaxTakeoff,T_10U,2720,,,
747400RN,ICAO_B,3,5,Accelerate,MaxClimb,T_05U,,887.0,208.8,55
747400RN,ICAO_B,3,6,Accelerate,MaxClimb,T_01U,,958.1,248.8,55
747400RN,ICAO_B,3,7,Climb,MaxClimb,T_01U,4212,,,
747400RN,ICAO_B,3,8,Climb,MaxClimb,T_00U,4902,,,
747400RN,ICAO_B,3,9,Accelerate,MaxClimb,T_00U,,1014.6,250.0,60
747400RN,ICAO_B,3,10,Climb,MaxClimb,T_00U,7500,,,
747400RN,ICAO_B,3,11,Climb,MaxClimb,T_00U,10000,,,
747400RN,ICAO_B,4,1,Takeoff,MaxTakeoff,T_10D,,,,
747400RN,ICAO_B,4,2,Climb,MaxTakeoff,T_10U,1000,,,
747400RN,ICAO_B,4,3,Accelerate,MaxTakeoff,T_10U,,1157.8,193.7,55
747400RN,ICAO_B,4,4,Climb,MaxTakeoff,T_10U,2601,,,
747400RN,ICAO_B,4,5,Accelerate,MaxClimb,T_05U,,817.1,213.7,55
747400RN,ICAO_B,4,6,Accelerate,MaxClimb,T_05U,,900.3,253.6,55
747400RN,ICAO_B,4,7,Climb,MaxClimb,T_01U,3927,,,
747400RN,ICAO_B,4,8,Climb,MaxClimb,T_00U,4570,,,
747400RN,ICAO_B,4,9,Climb,MaxClimb,T_00U,5500,,,
747400RN,ICAO_B,4,10,Climb,MaxClimb,T_00U,7500,,,
747400RN,ICAO_B,4,11,Climb,MaxClimb,T_00U,10000,,,
747400RN,ICAO_B,5,1,Takeoff,MaxTakeoff,T_10D,,,,
747400RN,ICAO_B,5,2,Climb,MaxTakeoff,T_10U,1000,,,
747400RN,ICAO_B,5,3,Accelerate,MaxTakeoff,T_10U,,1077.5,199.6,55
747400RN,ICAO_B,5,4,Climb,MaxTakeoff,T_10U,2434,,,
747400RN,ICAO_B,5,5,Accelerate,MaxClimb,T_05U,,731.4,219.0,55
747400RN,ICAO_B,5,6,Accelerate,MaxClimb,T_05U,,808.3,248.5,55
747400RN,ICAO_B,5,7,Climb,MaxClimb,T_05U,3724,,,
747400RN,ICAO_B,5,8,Accelerate,MaxClimb,T_01U,,1070.6,259.6,60
747400RN,ICAO_B,5,9,Climb,MaxClimb,T_00U,5500,,,
747400RN,ICAO_B,5,10,Climb,MaxClimb,T_00U,7500,,,
747400RN,ICAO_B,5,11,Climb,MaxClimb,T_00U,10000,,,
747400RN,ICAO_B,6,1,Takeoff,MaxTakeoff,T_10D,,,,
747400RN,ICAO_B,6,2,Climb,MaxTakeoff,T_10U,1000,,,
747400RN,ICAO_B,6,3,Accelerate,MaxTakeoff,T_10U,,989.0,206.0,55
747400RN,ICAO_B,6,4,Climb,MaxTakeoff,T_10U,2399,,,
747400RN,ICAO_B,6,5,Accelerate,MaxClimb,T_05U,,664.3,226.0,55
747400RN,ICAO_B,6,6,Accelerate,MaxClimb,T_05U,,732.8,254.7,55
747400RN,ICAO_B,6,7,Climb,MaxClimb,T_05U,3471,,,
747400RN,ICAO_B,6,8,Accelerate,MaxClimb,T_01U,,847.5,266.1,60
747400RN,ICAO_B,6,9,Climb,MaxClimb,T_00U,5500,,,
747400RN,ICAO_B,6,10,Climb,MaxClimb,T_00U,7500,,,
747400RN,ICAO_B,6,11,Climb,MaxClimb,T_00U,10000,,,
747400RN,ICAO_B,7,1,Takeoff,MaxTakeoff,T_10D,,,,
747400RN,ICAO_B,7,2,Climb,MaxTakeoff,T_10U,1000,,,
747400RN,ICAO_B,7,3,Accelerate,MaxTakeoff,T_10U,,910.3,212.8,55
747400RN,ICAO_B,7,4,Climb,MaxTakeoff,T_10U,2284,,,
747400RN,ICAO_B,7,5,Accelerate,MaxTakeoff,T_05U,,594.5,232.2,55
747400RN,ICAO_B,7,6,Accelerate,MaxTakeoff,T_05U,,650.2,254.1,55
747400RN,ICAO_B,7,7,Climb,MaxClimb,T_05U,3498,,,
747400RN,ICAO_B,7,8,Accelerate,MaxClimb,T_01U,,751.0,264.5,55
747400RN,ICAO_B,7,9,Climb,MaxClimb,T_00U,5500,,,
747400RN,ICAO_B,7,10,Climb,MaxClimb,T_00U,7500,,,
747400RN,ICAO_B,7,11,Climb,MaxClimb,T_00U,10000,,,
747400RN,ICAO_B,8,1,Takeoff,MaxTakeoff,T_10D,,,,
747400RN,ICAO_B,8,2,Climb,MaxTakeoff,T_10U,1000,,,
747400RN,ICAO_B,8,3,Accelerate,MaxTakeoff,T_10U,,827.4,219.9,55
747400RN,ICAO_B,8,4,Climb,MaxTakeoff,T_10U,2216,,,
747400RN,ICAO_B,8,5,Accelerate,MaxClimb,T_05U,,526.3,239.6,55
747400RN,ICAO_B,8,6,Accelerate,MaxClimb,T_05U,,567.6,254.5,55
747400RN,ICAO_B,8,7,Climb,MaxClimb,T_05U,3445,,,
747400RN,ICAO_B,8,8,Accelerate,MaxClimb,T_01U,,661.9,268.4,55
747400RN,ICAO_B,8,9,Climb,MaxClimb,T_00U,5500,,,
747400RN,ICAO_B,8,10,Climb,MaxClimb,T_00U,7500,,,
747400RN,ICAO_B,8,11,Climb,MaxClimb,T_00U,10000,,,
747400RN,ICAO_B,M,1,Takeoff,MaxTakeoff,T_10D,,,,
747400RN,ICAO_B,M,2,Climb,MaxTakeoff,T_10U,1000,,,
747400RN,ICAO_B,M,3,Accelerate,MaxTakeoff,T_10U,,787.0,223.5,55
747400RN,ICAO_B,M,4,Climb,MaxTakeoff,T_10U,2228,,,
747400RN,ICAO_B,M,5,Accelerate,MaxClimb,T_05U,,492.4,243.1,55
747400RN,ICAO_B,M,6,Accelerate,MaxClimb,T_05U,,527.0,254.0,55
747400RN,ICAO_B,M,7,Climb,MaxClimb,T_05U,3442,,,
747400RN,ICAO_B,M,8,Accelerate,MaxClimb,T_01U,,619.1,271.1,55
747400RN,ICAO_B,M,9,Climb,MaxClimb,T_00U,5500,,,
747400RN,ICAO_B,M,10,Climb,MaxClimb,T_00U,7500,,,
747400RN,ICAO_B,M,11,Climb,MaxClimb,T_00U,10000,,,
747400RN,DEFAULT,1,1,Takeoff,MaxTakeoff,T_10D,,,,
747400RN,DEFAULT,1,2,Climb,MaxTakeoff,T_10U,1500,,,
747400RN,DEFAULT,1,3,Accelerate,MaxClimb,T_05U,,1061.5,173.3,55
747400RN,DEFAULT,1,4,Accelerate,MaxClimb,T_05U,,878.1,182.4,55
747400RN,DEFAULT,1,5,Accelerate,MaxClimb,T_01U,,948.4,203.2,55
747400RN,DEFAULT,1,6,Accelerate,MaxClimb,T_01U,,1052.0,242.0,55
747400RN,DEFAULT,1,7,Climb,MaxClimb,T_01U,4216,,,
747400RN,DEFAULT,1,8,Climb,MaxClimb,T_00U,5500,,,
747400RN,DEFAULT,1,9,Climb,MaxClimb,T_00U,7500,,,
747400RN,DEFAULT,1,10,Climb,MaxClimb,T_00U,10000,,,
747400RN,DEFAULT,2,1,Takeoff,MaxTakeoff,T_10D,,,,
747400RN,DEFAULT,2,2,Climb,MaxTakeoff,T_10U,1500,,,
747400RN,DEFAULT,2,3,Accelerate,MaxClimb,T_10U,,837.2,184.6,55
747400RN,DEFAULT,2,4,Accelerate,MaxClimb,T_05U,,910.8,206.0,55
747400RN,DEFAULT,2,5,Accelerate,MaxClimb,T_05U,,982.3,226.3,55
747400RN,DEFAULT,2,6,Accelerate,MaxClimb,T_05U,,1048.5,245.8,55
747400RN,DEFAULT,2,7,Climb,MaxClimb,T_01U,3383,,,
747400RN,DEFAULT,2,8,Climb,MaxClimb,T_00U,4201,,,
747400RN,DEFAULT,2,9,Climb,MaxClimb,T_00U,7500,,,
747400RN,DEFAULT,2,10,Climb,MaxClimb,T_00U,10000,,,
747400RN,DEFAULT,3,1,Takeoff,MaxTakeoff,T_10D,,,,
747400RN,DEFAULT,3,2,Climb,MaxTakeoff,T_10U,1500,,,
747400RN,DEFAULT,3,3,Accelerate,MaxClimb,T_10U,,816.6,195.7,55
747400RN,DEFAULT,3,4,Accelerate,MaxClimb,T_05U,,887.9,207.9,55
747400RN,DEFAULT,3,5,Accelerate,MaxClimb,T_05U,,941.8,227.2,55
747400RN,DEFAULT,3,6,Accelerate,MaxClimb,T_01U,,1011.0,248.9,55
747400RN,DEFAULT,3,7,Climb,MaxClimb,T_01U,3350,,,
747400RN,DEFAULT,3,8,Climb,MaxClimb,T_00U,4068,,,
747400RN,DEFAULT,3,9,Climb,MaxClimb,T_00U,7500,,,
747400RN,DEFAULT,3,10,Climb,MaxClimb,T_00U,10000,,,
747400RN,DEFAULT,4,1,Takeoff,MaxTakeoff,T_10D,,,,
747400RN,DEFAULT,4,2,Climb,MaxTakeoff,T_10U,1500,,,
747400RN,DEFAULT,4,3,Accelerate,MaxClimb,T_10U,,750.5,199.4,55
747400RN,DEFAULT,4,4,Accelerate,MaxClimb,T_05U,,821.9,213.3,55
747400RN,DEFAULT,4,5,Accelerate,MaxClimb,T_05U,,868.0,230.7,55
747400RN,DEFAULT,4,6,Accelerate,MaxClimb,T_01U,,936.9,253.7,55
747400RN,DEFAULT,4,7,Climb,MaxClimb,T_01U,3220,,,
747400RN,DEFAULT,4,8,Climb,MaxClimb,T_00U,3867,,,
747400RN,DEFAULT,4,9,Climb,MaxClimb,T_00U,7500,,,
747400RN,DEFAULT,4,10,Climb,MaxClimb,T_00U,10000,,,
747400RN,DEFAULT,5,1,Takeoff,MaxTakeoff,T_10D,,,,
747400RN,DEFAULT,5,2,Climb,MaxTakeoff,T_10U,1500,,,
747400RN,DEFAULT,5,3,Accelerate,MaxClimb,T_10U,,682.0,205.0,55
747400RN,DEFAULT,5,4,Accelerate,MaxClimb,T_05U,,746.7,218.5,55
747400RN,DEFAULT,5,5,Accelerate,MaxClimb,T_05U,,786.7,234.0,55
747400RN,DEFAULT,5,6,Accelerate,MaxClimb,T_01U,,848.0,253.9,55
747400RN,DEFAULT,5,7,Accelerate,MaxClimb,T_01U,,1410.5,259.6,55
747400RN,DEFAULT,5,8,Climb,MaxClimb,T_00U,3652,,,
747400RN,DEFAULT,5,9,Climb,MaxClimb,T_00U,7500,,,
747400RN,DEFAULT,5,10,Climb,MaxClimb,T_00U,10000,,,
747400RN,DEFAULT,6,1,Takeoff,MaxTakeoff,T_10D,,,,
747400RN,DEFAULT,6,2,Climb,MaxTakeoff,T_10U,1500,,,
747400RN,DEFAULT,6,3,Accelerate,MaxClimb,T_10U,,613.3,210.1,55
747400RN,DEFAULT,6,4,Accelerate,MaxClimb,T_05U,,671.6,225.2,55
747400RN,DEFAULT,6,5,Accelerate,MaxClimb,T_05U,,708.0,238.8,55
747400RN,DEFAULT,6,6,Accelerate,MaxClimb,T_01U,,760.6,254.3,55
747400RN,DEFAULT,6,7,Accelerate,MaxClimb,T_01U,,1207.0,265.5,55
747400RN,DEFAULT,6,8,Climb,MaxClimb,T_00U,3425,,,
747400RN,DEFAULT,6,9,Climb,MaxClimb,T_00U,7500,,,
747400RN,DEFAULT,6,10,Climb,MaxClimb,T_00U,10000,,,
747400RN,DEFAULT,7,1,Takeoff,MaxTakeoff,T_10D,,,,
747400RN,DEFAULT,7,2,Climb,MaxTakeoff,T_10U,1500,,,
747400RN,DEFAULT,7,3,Accelerate,MaxClimb,T_10U,,548.8,217.1,55
747400RN,DEFAULT,7,4,Accelerate,MaxClimb,T_05U,,600.3,231.9,55
747400RN,DEFAULT,7,5,Accelerate,MaxClimb,T_05U,,653.7,255.0,55
747400RN,DEFAULT,7,6,Climb,MaxClimb,T_01U,3129,,,
747400RN,DEFAULT,7,7,Accelerate,MaxClimb,T_01U,,822.8,265.3,55
747400RN,DEFAULT,7,8,Accelerate,MaxClimb,T_00U,,808.2,272.8,55
747400RN,DEFAULT,7,9,Climb,MaxClimb,T_00U,7500,,,
747400RN,DEFAULT,7,10,Climb,MaxClimb,T_00U,10000,,,
747400RN,DEFAULT,8,1,Takeoff,MaxTakeoff,T_10D,,,,
747400RN,DEFAULT,8,2,Climb,MaxTakeoff,T_10U,1500,,,
747400RN,DEFAULT,8,3,Accelerate,MaxClimb,T_10U,,482.9,222.9,55
747400RN,DEFAULT,8,4,Accelerate,MaxClimb,T_05U,,530.3,239.5,55
747400RN,DEFAULT,8,5,Accelerate,MaxClimb,T_05U,,570.1,255.0,55
747400RN,DEFAULT,8,6,Climb,MaxClimb,T_01U,3135,,,
747400RN,DEFAULT,8,7,Accelerate,MaxClimb,T_01U,,699.2,268.5,55
747400RN,DEFAULT,8,8,Accelerate,MaxClimb,T_00U,,723.2,279.9,55
747400RN,DEFAULT,8,9,Climb,MaxClimb,T_00U,7500,,,
747400RN,DEFAULT,8,10,Climb,MaxClimb,T_00U,10000,,,
747400RN,DEFAULT,M,1,Takeoff,MaxTakeoff,T_10D,,,,
747400RN,DEFAULT,M,2,Climb,MaxTakeoff,T_10U,1500,,,
747400RN,DEFAULT,M,3,Accelerate,MaxClimb,T_10U,,449.8,226.4,55
747400RN,DEFAULT,M,4,Accelerate,MaxClimb,T_05U,,496.6,243.1,55
747400RN,DEFAULT,M,5,Accelerate,MaxClimb,T_05U,,529.4,255.0,55
747400RN,DEFAULT,M,6,Climb,MaxClimb,T_01U,3171,,,
747400RN,DEFAULT,M,7,Accelerate,MaxClimb,T_01U,,647.3,271.4,55
747400RN,DEFAULT,M,8,Accelerate,MaxClimb,T_00U,,683.0,283.5,55
747400RN,DEFAULT,M,9,Climb,MaxClimb,T_00U,7500,,,
747400RN,DEFAULT,M,10,Climb,MaxClimb,T_00U,10000,,,
7673ER,ICAO_A,1,1,Takeoff,MaxTakeoff,T_05,,,,
7673ER,ICAO_A,1,2,Climb,MaxTakeoff,T_05U,1500,,,
7673ER,ICAO_A,1,3,Climb,MaxClimb,T_05U,3000,,,
7673ER,ICAO_A,1,4,Accelerate,MaxClimb,T_01,,1603.0,198.0,55
7673ER,ICAO_A,1,5,Accelerate,MaxClimb,T_00,,1820.0,218.0,55
7673ER,ICAO_A,1,6,Accelerate,MaxClimb,T_00,,1834.0,250.0,60
7673ER,ICAO_A,1,7,Climb,MaxClimb,T_00,5500,,,
7673ER,ICAO_A,1,8,Climb,MaxClimb,T_00,7500,,,
7673ER,ICAO_A,1,9,Climb,MaxClimb,T_00,10000,,,
7673ER,ICAO_A,2,1,Takeoff,MaxTakeoff,T_05,,,,
7673ER,ICAO_A,2,2,Climb,MaxTakeoff,T_05U,1500,,,
7673ER,ICAO_A,2,3,Climb,MaxClimb,T_05U,3000,,,
7673ER,ICAO_A,2,4,Accelerate,MaxClimb,T_01,,1556.0,200.0,55
7673ER,ICAO_A,2,5,Accelerate,MaxClimb,T_00,,1757.0,220.0,55
7673ER,ICAO_A,2,6,Accelerate,MaxClimb,T_00,,1777.0,250.0,60
7673ER,ICAO_A,2,7,Climb,MaxClimb,T_00,5500,,,
7673ER,ICAO_A,2,8,Climb,MaxClimb,T_00,7500,,,
7673ER,ICAO_A,2,9,Climb,MaxClimb,T_00,10000,,,
7673ER,ICAO_A,3,1,Takeoff,MaxTakeoff,T_05,,,,
7673ER,ICAO_A,3,2,Climb,MaxTakeoff,T_05U,1500,,,
7673ER,ICAO_A,3,3,Climb,MaxClimb,T_05U,3000,,,
7673ER,ICAO_A,3,4,Accelerate,MaxClimb,T_01,,1495.0,203.0,55
7673ER,ICAO_A,3,5,Accelerate,MaxClimb,T_00,,1689.0,223.0,55
7673ER,ICAO_A,3,6,Accelerate,MaxClimb,T_00,,1704.0,250.0,60
7673ER,ICAO_A,3,7,Climb,MaxClimb,T_00,5500,,,
7673ER,ICAO_A,3,8,Climb,MaxClimb,T_00,7500,,,
7673ER,ICAO_A,3,9,Climb,MaxClimb,T_00,10000,,,
7673ER,ICAO_A,4,1,Takeoff,MaxTakeoff,T_05,,,,
7673ER,ICAO_A,4,2,Climb,MaxTakeoff,T_05U,1500,,,
7673ER,ICAO_A,4,3,Climb,MaxClimb,T_05U,3000,,,
7673ER,ICAO_A,4,4,Accelerate,MaxClimb,T_01,,1400.0,207.0,55
7673ER,ICAO_A,4,5,Accelerate,MaxClimb,T_00,,1580.0,227.0,55
7673ER,ICAO_A,4,6,Accelerate,MaxClimb,T_00,,1588.0,250.0,60
7673ER,ICAO_A,4,7,Climb,MaxClimb,T_00,5500,,,
7673ER,ICAO_A,4,8,Climb,MaxClimb,T_00,7500,,,
7673ER,ICAO_A,4,9,Climb,MaxClimb,T_00,10000,,,
7673ER,ICAO_A,5,1,Takeoff,MaxTakeoff,T_05,,,,
7673ER,ICAO_A,5,2,Climb,MaxTakeoff,T_05U,1500,,,
7673ER,ICAO_A,5,3,Climb,MaxClimb,T_05U,3000,,,
7673ER,ICAO_A,5,4,Accelerate,MaxClimb,T_01,,1291.0,217.0,55
7673ER,ICAO_A,5,5,Accelerate,MaxClimb,T_00,,1507.0,237.0,55
7673ER,ICAO_A,5,6,Accelerate,MaxClimb,T_00,,1466.0,250.0,60
7673ER,ICAO_A,5,7,Climb,MaxClimb,T_00,5500,,,
7673ER,ICAO_A,5,8,Climb,MaxClimb,T_00,7500,,,
7673ER,ICAO_A,5,9,Climb,MaxClimb,T_00,10000,,,
7673ER,ICAO_A,6,1,Takeoff,MaxTakeoff,T_05,,,,
7673ER,ICAO_A,6,2,Climb,MaxTakeoff,T_05U,1500,,,
7673ER,ICAO_A,6,3,Climb,MaxClimb,T_05U,3000,,,
7673ER,ICAO_A,6,4,Accelerate,MaxClimb,T_01,,1192.0,226.0,55
7673ER,ICAO_A,6,5,Accelerate,MaxClimb,T_00,,1433.0,246.0,55
7673ER,ICAO_A,6,6,Accelerate,MaxClimb,T_00,,1332.0,250.0,60
7673ER,ICAO_A,6,7,Climb,MaxClimb,T_00,5500,,,
7673ER,ICAO_A,6,8,Climb,MaxClimb,T_00,7500,,,
7673ER,ICAO_A,6,9,Climb,MaxClimb,T_00,10000,,,
7673ER,ICAO_A,7,1,Takeoff,MaxTakeoff,T_05,,,,
7673ER,ICAO_A,7,2,Climb,MaxTakeoff,T_05U,1500,,,
7673ER,ICAO_A,7,3,Climb,MaxClimb,T_05U,3000,,,
7673ER,ICAO_A,7,4,Accelerate,MaxClimb,T_01,,1092.0,235.0,55
7673ER,ICAO_A,7,5,Accelerate,MaxClimb,T_00,,1322.0,255.0,55
7673ER,ICAO_A,7,6,Climb,MaxClimb,T_00,5031,,,
7673ER,ICAO_A,7,7,Climb,MaxClimb,T_00,5500,,,
7673ER,ICAO_A,7,8,Climb,MaxClimb,T_00,7500,,,
7673ER,ICAO_A,7,9,Climb,MaxClimb,T_00,10000,,,
7673ER,ICAO_A,M,1,Takeoff,MaxTakeoff,T_05,,,,
7673ER,ICAO_A,M,2,Climb,MaxTakeoff,T_05U,1500,,,
7673ER,ICAO_A,M,3,Climb,MaxClimb,T_05U,3000,,,
7673ER,ICAO_A,M,4,Accelerate,MaxClimb,T_01,,1085.0,236.0,55
7673ER,ICAO_A,M,5,Accelerate,MaxClimb,T_00,,1315.0,256.0,55
7673ER,ICAO_A,M,6,Climb,MaxClimb,T_00,5054,,,
7673ER,ICAO_A,M,7,Climb,MaxClimb,T_00,5500,,,
7673ER,ICAO_A,M,8,Climb,MaxClimb,T_00,7500,,,
7673ER,ICAO_A,M,9,Climb,MaxClimb,T_00,10000,,,
7673ER,ICAO_B,1,1,Takeoff,MaxTakeoff,T_05,,,,
7673ER,ICAO_B,1,2,Climb,MaxTakeoff,T_05U,1000,,,
7673ER,ICAO_B,1,3,Accelerate,MaxTakeoff,T_01,,2108.0,198.0,55
7673ER,ICAO_B,1,4,Accelerate,MaxTakeoff,T_01,,2388.0,218.0,55
7673ER,ICAO_B,1,5,Climb,MaxClimb,T_00,3509,,,
7673ER,ICAO_B,1,6,Accelerate,MaxClimb,T_00,,1918.0,250.0,60
7673ER,ICAO_B,1,7,Climb,MaxClimb,T_00,5500,,,
7673ER,ICAO_B,1,8,Climb,MaxClimb,T_00,7500,,,
7673ER,ICAO_B,1,9,Climb,MaxClimb,T_00,10000,,,
7673ER,ICAO_B,2,1,Takeoff,MaxTakeoff,T_05,,,,
7673ER,ICAO_B,2,2,Climb,MaxTakeoff,T_05U,1000,,,
7673ER,ICAO_B,2,3,Accelerate,MaxTakeoff,T_01,,2053.0,200.0,55
7673ER,ICAO_B,2,4,Accelerate,MaxTakeoff,T_01,,2312.0,220.0,55
7673ER,ICAO_B,2,5,Climb,MaxClimb,T_00,3366,,,
7673ER,ICAO_B,2,6,Accelerate,MaxClimb,T_00,,1845.0,250.0,60
7673ER,ICAO_B,2,7,Climb,MaxClimb,T_00,5500,,,
7673ER,ICAO_B,2,8,Climb,MaxClimb,T_00,7500,,,
7673ER,ICAO_B,2,9,Climb,MaxClimb,T_00,10000,,,
7673ER,ICAO_B,3,1,Takeoff,MaxTakeoff,T_05,,,,
7673ER,ICAO_B,3,2,Climb,MaxTakeoff,T_05U,1000,,,
7673ER,ICAO_B,3,3,Accelerate,MaxTakeoff,T_01,,1982.0,203.0,55
7673ER,ICAO_B,3,4,Accelerate,MaxTakeoff,T_01,,2239.0,223.0,55
7673ER,ICAO_B,3,5,Climb,MaxClimb,T_00,3254,,,
7673ER,ICAO_B,3,6,Accelerate,MaxClimb,T_00,,1792.0,250.0,60
7673ER,ICAO_B,3,7,Climb,MaxClimb,T_00,5500,,,
7673ER,ICAO_B,3,8,Climb,MaxClimb,T_00,7500,,,
7673ER,ICAO_B,3,9,Climb,MaxClimb,T_00,10000,,,
7673ER,ICAO_B,4,1,Takeoff,MaxTakeoff,T_05,,,,
7673ER,ICAO_B,4,2,Climb,MaxTakeoff,T_05U,1000,,,
7673ER,ICAO_B,4,3,Accelerate,MaxTakeoff,T_01,,1861.0,207.0,55
7673ER,ICAO_B,4,4,Accelerate,MaxTakeoff,T_01,,2106.0,227.0,55
7673ER,ICAO_B,4,5,Climb,MaxClimb,T_00,3065,,,
7673ER,ICAO_B,4,6,Accelerate,MaxClimb,T_00,,1681.0,250.0,60
7673ER,ICAO_B,4,7,Climb,MaxClimb,T_00,5500,,,
7673ER,ICAO_B,4,8,Climb,MaxClimb,T_00,7500,,,
7673ER,ICAO_B,4,9,Climb,MaxClimb,T_00,10000,,,
7673ER,ICAO_B,5,1,Takeoff,MaxTakeoff,T_05,,,,
7673ER,ICAO_B,5,2,Climb,MaxTakeoff,T_05U,1000,,,
7673ER,ICAO_B,5,3,Accelerate,MaxTakeoff,T_01,,1738.0,217.0,55
7673ER,ICAO_B,5,4,Accelerate,MaxTakeoff,T_01,,1998.0,237.0,55
7673ER,ICAO_B,5,5,Climb,MaxClimb,T_00,3000,,,
7673ER,ICAO_B,5,6,Accelerate,MaxClimb,T_00,,1475.0,250.0,60
7673ER,ICAO_B,5,7,Climb,MaxClimb,T_00,5500,,,
7673ER,ICAO_B,5,8,Climb,MaxClimb,T_00,7500,,,
7673ER,ICAO_B,5,9,Climb,MaxClimb,T_00,10000,,,
7673ER,ICAO_B,6,1,Takeoff,MaxTakeoff,T_05,,,,
7673ER,ICAO_B,6,2,Climb,MaxTakeoff,T_05U,1000,,,
7673ER,ICAO_B,6,3,Accelerate,MaxTakeoff,T_01,,1617.0,226.0,55
7673ER,ICAO_B,6,4,Accelerate,MaxTakeoff,T_01,,1890.0,246.0,55
7673ER,ICAO_B,6,5,Climb,MaxClimb,T_00,3125,,,
7673ER,ICAO_B,6,6,Accelerate,MaxClimb,T_00,,1472.0,250.0,60
7673ER,ICAO_B,6,7,Climb,MaxClimb,T_00,5500,,,
7673ER,ICAO_B,6,8,Climb,MaxClimb,T_00,7500,,,
7673ER,ICAO_B,6,9,Climb,MaxClimb,T_00,10000,,,
7673ER,ICAO_B,7,1,Takeoff,MaxTakeoff,T_05,,,,
7673ER,ICAO_B,7,2,Climb,MaxTakeoff,T_05U,1000,,,
7673ER,ICAO_B,7,3,Accelerate,MaxTakeoff,T_01,,1508.0,235.0,55
7673ER,ICAO_B,7,4,Accelerate,MaxTakeoff,T_01,,1757.0,255.0,55
7673ER,ICAO_B,7,5,Climb,MaxClimb,T_00,3500,,,
7673ER,ICAO_B,7,6,Climb,MaxClimb,T_00,4000,,,
7673ER,ICAO_B,7,7,Climb,MaxClimb,T_00,5500,,,
7673ER,ICAO_B,7,8,Climb,MaxClimb,T_00,7500,,,
7673ER,ICAO_B,7,9,Climb,MaxClimb,T_00,10000,,,
7673ER,ICAO_B,M,1,Takeoff,MaxTakeoff,T_05,,,,
7673ER,ICAO_B,M,2,Climb,MaxTakeoff,T_05U,1000,,,
7673ER,ICAO_B,M,3,Accelerate,MaxTakeoff,T_01,,1500.0,236.0,55
7673ER,ICAO_B,M,4,Accelerate,MaxTakeoff,T_01,,1754.0,256.0,55
7673ER,ICAO_B,M,5,Climb,MaxClimb,T_00,3750,,,
7673ER,ICAO_B,M,6,Climb,MaxClimb,T_00,4500,,,
7673ER,ICAO_B,M,7,Climb,MaxClimb,T_00,5500,,,
7673ER,ICAO_B,M,8,Climb,MaxClimb,T_00,7500,,,
7673ER,ICAO_B,M,9,Climb,MaxClimb,T_00,10000,,,
7673ER,DEFAULT,1,1,Takeoff,MaxTakeoff,T_05,,,,
7673ER,DEFAULT,1,2,Climb,MaxTakeoff,T_05U,1000,,,
7673ER,DEFAULT,1,3,Accelerate,MaxClimb,T_01,,1663.0,198.0,55
7673ER,DEFAULT,1,4,Accelerate,MaxClimb,T_00,,1850.0,218.0,55
7673ER,DEFAULT,1,5,Climb,MaxClimb,T_00,3000,,,
7673ER,DEFAULT,1,6,Accelerate,MaxClimb,T_00,,1856.0,250.0,60
7673ER,DEFAULT,1,7,Climb,MaxClimb,T_00,5500,,,
7673ER,DEFAULT,1,8,Climb,MaxClimb,T_00,7500,,,
7673ER,DEFAULT,1,9,Climb,MaxClimb,T_00,10000,,,
7673ER,DEFAULT,2,1,Takeoff,MaxTakeoff,T_05,,,,
7673ER,DEFAULT,2,2,Climb,MaxTakeoff,T_05U,1000,,,
7673ER,DEFAULT,2,3,Accelerate,MaxClimb,T_01,,1587.0,200.0,55
7673ER,DEFAULT,2,4,Accelerate,MaxClimb,T_00,,1775.0,220.0,55
7673ER,DEFAULT,2,5,Climb,MaxClimb,T_00,3000,,,
7673ER,DEFAULT,2,6,Accelerate,MaxClimb,T_00,,1795.0,250.0,60
7673ER,DEFAULT,2,7,Climb,MaxClimb,T_00,5500,,,
7673ER,DEFAULT,2,8,Climb,MaxClimb,T_00,7500,,,
7673ER,DEFAULT,2,9,Climb,MaxClimb,T_00,10000,,,
7673ER,DEFAULT,3,1,Takeoff,MaxTakeoff,T_05,,,,
7673ER,DEFAULT,3,2,Climb,MaxTakeoff,T_05U,1000,,,
7673ER,DEFAULT,3,3,Accelerate,MaxClimb,T_01,,1546.0,203.0,55
7673ER,DEFAULT,3,4,Accelerate,MaxClimb,T_00,,1720.0,223.0,55
7673ER,DEFAULT,3,5,Climb,MaxClimb,T_00,3000,,,
7673ER,DEFAULT,3,6,Accelerate,MaxClimb,T_00,,1720.0,250.0,60
7673ER,DEFAULT,3,7,Climb,MaxClimb,T_00,5500,,,
7673ER,DEFAULT,3,8,Climb,MaxClimb,T_00,7500,,,
7673ER,DEFAULT,3,9,Climb,MaxClimb,T_00,10000,,,
7673ER,DEFAULT,4,1,Takeoff,MaxTakeoff,T_05,,,,
7673ER,DEFAULT,4,2,Climb,MaxTakeoff,T_05U,1000,,,
7673ER,DEFAULT,4,3,Accelerate,MaxClimb,T_01,,1437.0,207.0,55
7673ER,DEFAULT,4,4,Accelerate,MaxClimb,T_00,,1590.0,227.0,55
7673ER,DEFAULT,4,5,Climb,MaxClimb,T_00,3000,,,
7673ER,DEFAULT,4,6,Accelerate,MaxClimb,T_00,,1600.0,250.0,60
7673ER,DEFAULT,4,7,Climb,MaxClimb,T_00,5500,,,
7673ER,DEFAULT,4,8,Climb,MaxClimb,T_00,7500,,,
7673ER,DEFAULT,4,9,Climb,MaxClimb,T_00,10000,,,
7673ER,DEFAULT,5,1,Takeoff,MaxTakeoff,T_05,,,,
7673ER,DEFAULT,5,2,Climb,MaxTakeoff,T_05U,1000,,,
7673ER,DEFAULT,5,3,Accelerate,MaxClimb,T_01,,1328.0,217.0,55
7673ER,DEFAULT,5,4,Accelerate,MaxClimb,T_00,,1528.0,237.0,55
7673ER,DEFAULT,5,5,Climb,MaxClimb,T_00,3000,,,
7673ER,DEFAULT,5,6,Accelerate,MaxClimb,T_00,,1471.0,250.0,60
7673ER,DEFAULT,5,7,Climb,MaxClimb,T_00,5500,,,
7673ER,DEFAULT,5,8,Climb,MaxClimb,T_00,7500,,,
7673ER,DEFAULT,5,9,Climb,MaxClimb,T_00,10000,,,
7673ER,DEFAULT,6,1,Takeoff,MaxTakeoff,T_05,,,,
7673ER,DEFAULT,6,2,Climb,MaxTakeoff,T_05U,1000,,,
7673ER,DEFAULT,6,3,Accelerate,MaxClimb,T_01,,1224.0,226.0,55
7673ER,DEFAULT,6,4,Accelerate,MaxClimb,T_00,,1458.0,246.0,55
7673ER,DEFAULT,6,5,Climb,MaxClimb,T_00,3000,,,
7673ER,DEFAULT,6,6,Accelerate,MaxClimb,T_00,,1347.0,250.0,60
7673ER,DEFAULT,6,7,Climb,MaxClimb,T_00,5500,,,
7673ER,DEFAULT,6,8,Climb,MaxClimb,T_00,7500,,,
7673ER,DEFAULT,6,9,Climb,MaxClimb,T_00,10000,,,
7673ER,DEFAULT,7,1,Takeoff,MaxTakeoff,T_05,,,,
7673ER,DEFAULT,7,2,Climb,MaxTakeoff,T_05U,1000,,,
7673ER,DEFAULT,7,3,Accelerate,MaxClimb,T_01,,1118.0,235.0,55
7673ER,DEFAULT,7,4,Accelerate,MaxClimb,T_00,,1342.0,255.0,55
7673ER,DEFAULT,7,5,Climb,MaxClimb,T_00,3500,,,
7673ER,DEFAULT,7,6,Climb,MaxClimb,T_00,4500,,,
7673ER,DEFAULT,7,7,Climb,MaxClimb,T_00,5500,,,
7673ER,DEFAULT,7,8,Climb,MaxClimb,T_00,7500,,,
7673ER,DEFAULT,7,9,Climb,MaxClimb,T_00,10000,,,
7673ER,DEFAULT,M,1,Takeoff,MaxTakeoff,T_05,,,,
7673ER,DEFAULT,M,2,Climb,MaxTakeoff,T_05U,1000,,,
7673ER,DEFAULT,M,3,Accelerate,MaxClimb,T_01,,1114.0,236.0,55
7673ER,DEFAULT,M,4,Accelerate,MaxClimb,T_00,,1334.0,256.0,55
7673ER,DEFAULT,M,5,Climb,MaxClimb,T_00,3500,,,
7673ER,DEFAULT,M,6,Climb,MaxClimb,T_00,4500,,,
7673ER,DEFAULT,M,7,Climb,MaxClimb,T_00,5500,,,
7673ER,DEFAULT,M,8,Climb,MaxClimb,T_00,7500,,,
7673ER,DEFAULT,M,9,Climb,MaxClimb,T_00,10000,,,
7773ER,DEFAULT,1,1,Takeoff,MaxTakeoff,FLAP_5,,,,
7773ER,DEFAULT,1,2,Climb,MaxTakeoff,FLAP_5,1434,,,
7773ER,DEFAULT,1,3,Accelerate,MaxClimb,FLAP_5,,,200.0,55
7773ER,DEFAULT,1,4,Accelerate,MaxClimb,FLAP_1,,,223.0,50
7773ER,DEFAULT,1,5,Climb,MaxClimb,FLAP_0,3000,,,
7773ER,DEFAULT,1,6,Accelerate,MaxClimb,FLAP_0,,,250.0,50
7773ER,DEFAULT,1,7,Climb,MaxClimb,FLAP_0,10000,,,
7773ER,DEFAULT,2,1,Takeoff,MaxTakeoff,FLAP_5,,,,
7773ER,DEFAULT,2,2,Climb,MaxTakeoff,FLAP_5,1434,,,
7773ER,DEFAULT,2,3,Accelerate,MaxClimb,FLAP_5,,,200.0,55
7773ER,DEFAULT,2,4,Accelerate,MaxClimb,FLAP_1,,,225.0,50
7773ER,DEFAULT,2,5,Climb,MaxClimb,FLAP_0,3000,,,
7773ER,DEFAULT,2,6,Accelerate,MaxClimb,FLAP_0,,,250.0,50
7773ER,DEFAULT,2,7,Climb,MaxClimb,FLAP_0,10000,,,
7773ER,DEFAULT,3,1,Takeoff,MaxTakeoff,FLAP_5,,,,
7773ER,DEFAULT,3,2,Climb,MaxTakeoff,FLAP_5,1355,,,
7773ER,DEFAULT,3,3,Accelerate,MaxClimb,FLAP_5,,,204.0,55
7773ER,DEFAULT,3,4,Accelerate,MaxClimb,FLAP_1,,,228.0,50
7773ER,DEFAULT,3,5,Climb,MaxClimb,FLAP_0,3000,,,
7773ER,DEFAULT,3,6,Accelerate,MaxClimb,FLAP_0,,,250.0,50
7773ER,DEFAULT,3,7,Climb,MaxClimb,FLAP_0,10000,,,
7773ER,DEFAULT,4,1,Takeoff,MaxTakeoff,FLAP_5,,,,
7773ER,DEFAULT,4,2,Climb,MaxTakeoff,FLAP_5,1289,,,
7773ER,DEFAULT,4,3,Accelerate,MaxClimb,FLAP_5,,,205.0,55
7773ER,DEFAULT,4,4,Accelerate,MaxClimb,FLAP_1,,,230.0,50
7773ER,DEFAULT,4,5,Climb,MaxClimb,FLAP_0,3000,,,
7773ER,DEFAULT,4,6,Accelerate,MaxClimb,FLAP_0,,,250.0,50
7773ER,DEFAULT,4,7,Climb,MaxClimb,FLAP_0,10000,,,
7773ER,DEFAULT,5,1,Takeoff,MaxTakeoff,FLAP_5,,,,
7773ER,DEFAULT,5,2,Climb,MaxTakeoff,FLAP_5,1214,,,
7773ER,DEFAULT,5,3,Accelerate,MaxClimb,FLAP_5,,,210.0,55
7773ER,DEFAULT,5,4,Accelerate,MaxClimb,FLAP_1,,,235.0,50
7773ER,DEFAULT,5,5,Climb,MaxClimb,FLAP_0,3000,,,
7773ER,DEFAULT,5,6,Accelerate,MaxClimb,FLAP_0,,,250.0,50
7773ER,DEFAULT,5,7,Climb,MaxClimb,FLAP_0,10000,,,
7773ER,DEFAULT,6,1,Takeoff,MaxTakeoff,FLAP_5,,,,
7773ER,DEFAULT,6,2,Climb,MaxTakeoff,FLAP_5,1142,,,
7773ER,DEFAULT,6,3,Accelerate,MaxClimb,FLAP_5,,,215.0,55
7773ER,DEFAULT,6,4,Accelerate,MaxClimb,FLAP_1,,,240.0,50
7773ER,DEFAULT,6,5,Climb,MaxClimb,FLAP_0,3000,,,
7773ER,DEFAULT,6,6,Accelerate,MaxClimb,FLAP_0,,,250.0,50
7773ER,DEFAULT,6,7,Climb,MaxClimb,FLAP_0,10000,,,
7773ER,DEFAULT,7,1,Takeoff,MaxTakeoff,FLAP_5,,,,
7773ER,DEFAULT,7,2,Climb,MaxTakeoff,FLAP_5,1067,,,
7773ER,DEFAULT,7,3,Accelerate,MaxClimb,FLAP_5,,,222.0,55
7773ER,DEFAULT,7,4,Accelerate,MaxClimb,FLAP_1,,,248.0,50
7773ER,DEFAULT,7,5,Climb,MaxClimb,FLAP_0,3000,,,
7773ER,DEFAULT,7,6,Accelerate,MaxClimb,FLAP_0,,,250.0,50
7773ER,DEFAULT,7,7,Climb,MaxClimb,FLAP_0,10000,,,
7773ER,DEFAULT,8,1,Takeoff,MaxTakeoff,FLAP_5,,,,
7773ER,DEFAULT,8,2,Climb,MaxTakeoff,FLAP_5,1000,,,
7773ER,DEFAULT,8,3,Accelerate,MaxClimb,FLAP_5,,,222.0,55
7773ER,DEFAULT,8,4,Accelerate,MaxClimb,FLAP_1,,,255.0,50
7773ER,DEFAULT,8,5,Climb,MaxClimb,FLAP_0,3000,,,
7773ER,DEFAULT,8,6,Accelerate,MaxClimb,FLAP_0,,,256.0,50
7773ER,DEFAULT,8,7,Climb,MaxClimb,FLAP_0,10000,,,
7773ER,DEFAULT,9,1,Takeoff,MaxTakeoff,FLAP_5,,,,
7773ER,DEFAULT,9,2,Climb,MaxTakeoff,FLAP_5,1000,,,
7773ER,DEFAULT,9,3,Accelerate,MaxClimb,FLAP_5,,,226.0,55
7773ER,DEFAULT,9,4,Accelerate,MaxClimb,FLAP_1,,,261.0,50
7773ER,DEFAULT,9,5,Climb,MaxClimb,FLAP_0,3000,,,
7773ER,DEFAULT,9,6,Accelerate,MaxClimb,FLAP_0,,,261.1,50
7773ER,DEFAULT,9,7,Climb,MaxClimb,FLAP_0,10000,,,
7773ER,ICAO_A,1,1,Takeoff,MaxTakeoff,FLAP_5,,,,
7773ER,ICAO_A,1,2,Climb,MaxTakeoff,FLAP_5,1500,,,
7773ER,ICAO_A,1,3,Climb,MaxClimb,FLAP_5,3000,,,
7773ER,ICAO_A,1,4,Accelerate,MaxClimb,FLAP_5,,,210.0,55
7773ER,ICAO_A,1,5,Accelerate,MaxClimb,FLAP_1,,,220.0,55
7773ER,ICAO_A,1,6,Climb,MaxClimb,FLAP_1,4400,,,
7773ER,ICAO_A,1,7,Accelerate,MaxClimb,FLAP_0,,,250.0,50
7773ER,ICAO_A,1,8,Climb,MaxClimb,FLAP_0,10000,,,
7773ER,ICAO_A,2,1,Takeoff,MaxTakeoff,FLAP_5,,,,
7773ER,ICAO_A,2,2,Climb,MaxTakeoff,FLAP_5,1500,,,
7773ER,ICAO_A,2,3,Climb,MaxClimb,FLAP_5,3000,,,
7773ER,ICAO_A,2,4,Accelerate,MaxClimb,FLAP_5,,,220.0,55
7773ER,ICAO_A,2,5,Accelerate,MaxClimb,FLAP_1,,,230.0,55
7773ER,ICAO_A,2,6,Climb,MaxClimb,FLAP_1,4300,,,
7773ER,ICAO_A,2,7,Accelerate,MaxClimb,FLAP_0,,,250.0,50
7773ER,ICAO_A,2,8,Climb,MaxClimb,FLAP_0,10000,,,
7773ER,ICAO_A,3,1,Takeoff,MaxTakeoff,FLAP_5,,,,
7773ER,ICAO_A,3,2,Climb,MaxTakeoff,FLAP_5,1500,,,
7773ER,ICAO_A,3,3,Climb,MaxClimb,FLAP_5,3000,,,
7773ER,ICAO_A,3,4,Accelerate,MaxClimb,FLAP_5,,,220.0,55
7773ER,ICAO_A,3,5,Accelerate,MaxClimb,FLAP_1,,,230.0,55
7773ER,ICAO_A,3,6,Climb,MaxClimb,FLAP_1,4200,,,
7773ER,ICAO_A,3,7,Accelerate,MaxClimb,FLAP_0,,,250.0,50
7773ER,ICAO_A,3,8,Climb,MaxClimb,FLAP_0,10000,,,
7773ER,ICAO_A,4,1,Takeoff,MaxTakeoff,FLAP_5,,,,
7773ER,ICAO_A,4,2,Climb,MaxTakeoff,FLAP_5,1500,,,
7773ER,ICAO_A,4,3,Climb,MaxClimb,FLAP_5,3000,,,
7773ER,ICAO_A,4,4,Accelerate,MaxClimb,FLAP_5,,,220.0,55
7773ER,ICAO_A,4,5,Accelerate,MaxClimb,FLAP_1,,,230.0,55
7773ER,ICAO_A,4,6,Climb,MaxClimb,FLAP_1,4100,,,
7773ER,ICAO_A,4,7,Accelerate,MaxClimb,FLAP_0,,,250.0,50
7773ER,ICAO_A,4,8,Climb,MaxClimb,FLAP_0,10000,,,
7773ER,ICAO_A,5,1,Takeoff,MaxTakeoff,FLAP_5,,,,
7773ER,ICAO_A,5,2,Climb,MaxTakeoff,FLAP_5,1500,,,
7773ER,ICAO_A,5,3,Climb,MaxClimb,FLAP_5,3000,,,
7773ER,ICAO_A,5,4,Accelerate,MaxClimb,FLAP_5,,,220.0,55
7773ER,ICAO_A,5,5,Accelerate,MaxClimb,FLAP_1,,,230.0,55
7773ER,ICAO_A,5,6,Accelerate,MaxClimb,FLAP_0,,,250.0,50
7773ER,ICAO_A,5,7,Climb,MaxClimb,FLAP_0,10000,,,
7773ER,ICAO_A,6,1,Takeoff,MaxTakeoff,FLAP_5,,,,
7773ER,ICAO_A,6,2,Climb,MaxTakeoff,FLAP_5,1500,,,
7773ER,ICAO_A,6,3,Climb,MaxClimb,FLAP_5,3000,,,
7773ER,ICAO_A,6,4,Accelerate,MaxClimb,FLAP_5,,,220.0,55
7773ER,ICAO_A,6,5,Accelerate,MaxClimb,FLAP_1,,,230.0,55
7773ER,ICAO_A,6,6,Accelerate,MaxClimb,FLAP_0,,,250.0,50
7773ER,ICAO_A,6,7,Climb,MaxClimb,FLAP_0,10000,,,
7773ER,ICAO_A,7,1,Takeoff,MaxTakeoff,FLAP_5,,,,
7773ER,ICAO_A,7,2,Climb,MaxTakeoff,FLAP_5,1500,,,
7773ER,ICAO_A,7,3,Climb,MaxClimb,FLAP_5,3000,,,
7773ER,ICAO_A,7,4,Accelerate,MaxClimb,FLAP_5,,,220.0,55
7773ER,ICAO_A,7,5,Accelerate,MaxClimb,FLAP_1,,,230.0,55
7773ER,ICAO_A,7,6,Accelerate,MaxClimb,FLAP_0,,,250.0,50
7773ER,ICAO_A,7,7,Climb,MaxClimb,FLAP_0,10000,,,
7773ER,ICAO_A,8,1,Takeoff,MaxTakeoff,FLAP_5,,,,
7773ER,ICAO_A,8,2,Climb,MaxTakeoff,FLAP_5,1500,,,
7773ER,ICAO_A,8,3,Climb,MaxClimb,FLAP_5,3000,,,
7773ER,ICAO_A,8,4,Accelerate,MaxClimb,FLAP_5,,,220.0,55
7773ER,ICAO_A,8,5,Accelerate,MaxClimb,FLAP_1,,,230.0,55
7773ER,ICAO_A,8,6,Accelerate,MaxClimb,FLAP_0,,,255.0,50
7773ER,ICAO_A,8,7,Climb,MaxClimb,FLAP_0,10000,,,
7773ER,ICAO_A,9,1,Takeoff,MaxTakeoff,FLAP_5,,,,
7773ER,ICAO_A,9,2,Climb,MaxTakeoff,FLAP_5,1500,,,
7773ER,ICAO_A,9,3,Climb,MaxClimb,FLAP_5,3000,,,
7773ER,ICAO_A,9,4,Accelerate,MaxClimb,FLAP_5,,,230.0,55
7773ER,ICAO_A,9,5,Accelerate,MaxClimb,FLAP_1,,,240.0,55
7773ER,ICAO_A,9,6,Accelerate,MaxClimb,FLAP_0,,,260.0,50
7773ER,ICAO_A,9,7,Climb,MaxClimb,FLAP_0,10000,,,
7773ER,ICAO_B,1,1,Takeoff,MaxTakeoff,FLAP_5,,,,
7773ER,ICAO_B,1,2,Climb,MaxTakeoff,FLAP_5,1434,,,
7773ER,ICAO_B,1,3,Accelerate,MaxTakeoff,FLAP_5,,,223.0,55
7773ER,ICAO_B,1,4,Climb,MaxTakeoff,FLAP_1,3564,,,
7773ER,ICAO_B,1,5,Accelerate,MaxClimb,FLAP_0,,,240.0,50
7773ER,ICAO_B,1,6,Accelerate,MaxClimb,FLAP_0,,,250.0,50
7773ER,ICAO_B,1,7,Climb,MaxClimb,FLAP_0,10000,,,
7773ER,ICAO_B,2,1,Takeoff,MaxTakeoff,FLAP_5,,,,
7773ER,ICAO_B,2,2,Climb,MaxTakeoff,FLAP_5,1396,,,
7773ER,ICAO_B,2,3,Accelerate,MaxTakeoff,FLAP_5,,,225.0,55
7773ER,ICAO_B,2,4,Climb,MaxTakeoff,FLAP_1,3442,,,
7773ER,ICAO_B,2,5,Accelerate,MaxClimb,FLAP_0,,,240.0,50
7773ER,ICAO_B,2,6,Accelerate,MaxClimb,FLAP_0,,,250.0,50
7773ER,ICAO_B,2,7,Climb,MaxClimb,FLAP_0,10000,,,
7773ER,ICAO_B,3,1,Takeoff,MaxTakeoff,FLAP_5,,,,
7773ER,ICAO_B,3,2,Climb,MaxTakeoff,FLAP_5,1355,,,
7773ER,ICAO_B,3,3,Accelerate,MaxTakeoff,FLAP_5,,,228.0,55
7773ER,ICAO_B,3,4,Climb,MaxTakeoff,FLAP_1,3314,,,
7773ER,ICAO_B,3,5,Accelerate,MaxClimb,FLAP_0,,,240.0,50
7773ER,ICAO_B,3,6,Accelerate,MaxClimb,FLAP_0,,,250.0,50
7773ER,ICAO_B,3,7,Climb,MaxClimb,FLAP_0,10000,,,
7773ER,ICAO_B,4,1,Takeoff,MaxTakeoff,FLAP_5,,,,
7773ER,ICAO_B,4,2,Climb,MaxTakeoff,FLAP_5,1289,,,
7773ER,ICAO_B,4,3,Accelerate,MaxTakeoff,FLAP_5,,,231.0,55
7773ER,ICAO_B,4,4,Climb,MaxTakeoff,FLAP_1,3104,,,
7773ER,ICAO_B,4,5,Accelerate,MaxClimb,FLAP_0,,,240.0,50
7773ER,ICAO_B,4,6,Accelerate,MaxClimb,FLAP_0,,,250.0,50
7773ER,ICAO_B,4,7,Climb,MaxClimb,FLAP_0,10000,,,
7773ER,ICAO_B,5,1,Takeoff,MaxTakeoff,FLAP_5,,,,
7773ER,ICAO_B,5,2,Climb,MaxTakeoff,FLAP_5,1214,,,
7773ER,ICAO_B,5,3,Accelerate,MaxTakeoff,FLAP_5,,,236.0,55
7773ER,ICAO_B,5,4,Climb,MaxTakeoff,FLAP_1,3000,,,
7773ER,ICAO_B,5,5,Accelerate,MaxClimb,FLAP_0,,,245.0,50
7773ER,ICAO_B,5,6,Accelerate,MaxClimb,FLAP_0,,,250.0,50
7773ER,ICAO_B,5,7,Climb,MaxClimb,FLAP_0,10000,,,
7773ER,ICAO_B,6,1,Takeoff,MaxTakeoff,FLAP_5,,,,
7773ER,ICAO_B,6,2,Climb,MaxTakeoff,FLAP_5,1138,,,
7773ER,ICAO_B,6,3,Accelerate,MaxTakeoff,FLAP_5,,,241.0,55
7773ER,ICAO_B,6,4,Climb,MaxTakeoff,FLAP_1,3000,,,
7773ER,ICAO_B,6,5,Accelerate,MaxClimb,FLAP_0,,,250.0,50
7773ER,ICAO_B,6,6,Climb,MaxClimb,FLAP_0,10000,,,
7773ER,ICAO_B,7,1,Takeoff,MaxTakeoff,FLAP_5,,,,
7773ER,ICAO_B,7,2,Climb,MaxTakeoff,FLAP_5,1067,,,
7773ER,ICAO_B,7,3,Accelerate,MaxTakeoff,FLAP_5,,,249.0,55
7773ER,ICAO_B,7,4,Climb,MaxTakeoff,FLAP_1,2451,,,
7773ER,ICAO_B,7,5,Accelerate,MaxClimb,FLAP_1,,,250.0,55
7773ER,ICAO_B,7,6,Climb,MaxClimb,FLAP_0,3000,,,
7773ER,ICAO_B,7,7,Climb,MaxClimb,FLAP_0,10000,,,
7773ER,ICAO_B,8,1,Takeoff,MaxTakeoff,FLAP_5,,,,
7773ER,ICAO_B,8,2,Climb,MaxTakeoff,FLAP_5,1000,,,
7773ER,ICAO_B,8,3,Accelerate,MaxTakeoff,FLAP_5,,,257.0,55
7773ER,ICAO_B,8,4,Climb,MaxTakeoff,FLAP_1,2280,,,
7773ER,ICAO_B,8,5,Accelerate,MaxClimb,FLAP_1,,,257.0,55
7773ER,ICAO_B,8,6,Climb,MaxClimb,FLAP_0,3000,,,
7773ER,ICAO_B,8,7,Climb,MaxClimb,FLAP_0,10000,,,
7773ER,ICAO_B,9,1,Takeoff,MaxTakeoff,FLAP_5,,,,
7773ER,ICAO_B,9,2,Climb,MaxTakeoff,FLAP_5,1000,,,
7773ER,ICAO_B,9,3,Accelerate,MaxTakeoff,FLAP_5,,,261.0,55
7773ER,ICAO_B,9,4,Climb,MaxTakeoff,FLAP_1,2180,,,
7773ER,ICAO_B,9,5,Accelerate,MaxClimb,FLAP_1,,,262.0,55
7773ER,ICAO_B,9,6,Climb,MaxClimb,FLAP_0,3000,,,
7773ER,ICAO_B,9,7,Climb,MaxClimb,FLAP_0,10000,,,
7879,ICAO_A,1,1,Takeoff,MaxTakeoff,T_05,,,,
7879,ICAO_A,1,2,Climb,MaxTakeoff,T_05U,1500,,,
7879,ICAO_A,1,3,Climb,MaxClimb,T_05U,3000,,,
7879,ICAO_A,1,4,Accelerate,MaxClimb,T_01,,1705.0,203.0,55
7879,ICAO_A,1,5,Accelerate,MaxClimb,T_00,,1875.0,225.0,55
7879,ICAO_A,1,6,Accelerate,MaxClimb,T_00,,1816.0,250.0,60
7879,ICAO_A,1,7,Climb,MaxClimb,T_00,5500,,,
7879,ICAO_A,1,8,Climb,MaxClimb,T_00,7500,,,
7879,ICAO_A,1,9,Climb,MaxClimb,T_00,10000,,,
7879,ICAO_A,2,1,Takeoff,MaxTakeoff,T_05,,,,
7879,ICAO_A,2,2,Climb,MaxTakeoff,T_05U,1500,,,
7879,ICAO_A,2,3,Climb,MaxClimb,T_05U,3000,,,
7879,ICAO_A,2,4,Accelerate,MaxClimb,T_01,,1663.0,205.0,55
7879,ICAO_A,2,5,Accelerate,MaxClimb,T_00,,1830.0,227.0,55
7879,ICAO_A,2,6,Accelerate,MaxClimb,T_00,,1775.0,250.0,60
7879,ICAO_A,2,7,Climb,MaxClimb,T_00,5500,,,
7879,ICAO_A,2,8,Climb,MaxClimb,T_00,7500,,,
7879,ICAO_A,2,9,Climb,MaxClimb,T_00,10000,,,
7879,ICAO_A,3,1,Takeoff,MaxTakeoff,T_05,,,,
7879,ICAO_A,3,2,Climb,MaxTakeoff,T_05U,1500,,,
7879,ICAO_A,3,3,Climb,MaxClimb,T_05U,3000,,,
7879,ICAO_A,3,4,Accelerate,MaxClimb,T_01,,1623.0,208.0,55
7879,ICAO_A,3,5,Accelerate,MaxClimb,T_00,,1782.0,229.0,55
7879,ICAO_A,3,6,Accelerate,MaxClimb,T_00,,1722.0,250.0,60
7879,ICAO_A,3,7,Climb,MaxClimb,T_00,5500,,,
7879,ICAO_A,3,8,Climb,MaxClimb,T_00,7500,,,
7879,ICAO_A,3,9,Climb,MaxClimb,T_00,10000,,,
7879,ICAO_A,4,1,Takeoff,MaxTakeoff,T_05,,,,
7879,ICAO_A,4,2,Climb,MaxTakeoff,T_05U,1500,,,
7879,ICAO_A,4,3,Climb,MaxClimb,T_05U,3000,,,
7879,ICAO_A,4,4,Accelerate,MaxClimb,T_01,,1542.0,213.0,55
7879,ICAO_A,4,5,Accelerate,MaxClimb,T_00,,1703.0,233.0,55
7879,ICAO_A,4,6,Accelerate,MaxClimb,T_00,,1627.0,250.0,60
7879,ICAO_A,4,7,Climb,MaxClimb,T_00,5500,,,
7879,ICAO_A,4,8,Climb,MaxClimb,T_00,7500,,,
7879,ICAO_A,4,9,Climb,MaxClimb,T_00,10000,,,
7879,ICAO_A,5,1,Takeoff,MaxTakeoff,T_05,,,,
7879,ICAO_A,5,2,Climb,MaxTakeoff,T_05U,1500,,,
7879,ICAO_A,5,3,Climb,MaxClimb,T_05U,3000,,,
7879,ICAO_A,5,4,Accelerate,MaxClimb,T_01,,1461.0,220.0,55
7879,ICAO_A,5,5,Accelerate,MaxClimb,T_00,,1624.0,242.0,55
7879,ICAO_A,5,6,Accelerate,MaxClimb,T_00,,1527.0,250.0,60
7879,ICAO_A,5,7,Climb,MaxClimb,T_00,5500,,,
7879,ICAO_A,5,8,Climb,MaxClimb,T_00,7500,,,
7879,ICAO_A,5,9,Climb,MaxClimb,T_00,10000,,,
7879,ICAO_A,6,1,Takeoff,MaxTakeoff,T_05,,,,
7879,ICAO_A,6,2,Climb,MaxTakeoff,T_05U,1500,,,
7879,ICAO_A,6,3,Climb,MaxClimb,T_05U,3000,,,
7879,ICAO_A,6,4,Accelerate,MaxClimb,T_01,,1367.0,226.0,55
7879,ICAO_A,6,5,Accelerate,MaxClimb,T_00,,1527.0,249.0,55
7879,ICAO_A,6,6,Accelerate,MaxClimb,T_00,,1421.0,250.0,60
7879,ICAO_A,6,7,Climb,MaxClimb,T_00,5500,,,
7879,ICAO_A,6,8,Climb,MaxClimb,T_00,7500,,,
7879,ICAO_A,6,9,Climb,MaxClimb,T_00,10000,,,
7879,ICAO_A,7,1,Takeoff,MaxTakeoff,T_05,,,,
7879,ICAO_A,7,2,Climb,MaxTakeoff,T_05U,1500,,,
7879,ICAO_A,7,3,Climb,MaxClimb,T_05U,3000,,,
7879,ICAO_A,7,4,Accelerate,MaxClimb,T_01,,1284.0,233.0,55
7879,ICAO_A,7,5,Accelerate,MaxClimb,T_00,,1438.0,256.0,55
7879,ICAO_A,7,6,Climb,MaxClimb,T_00,4500,,,
7879,ICAO_A,7,7,Climb,MaxClimb,T_00,5500,,,
7879,ICAO_A,7,8,Climb,MaxClimb,T_00,7500,,,
7879,ICAO_A,7,9,Climb,MaxClimb,T_00,10000,,,
7879,ICAO_A,8,1,Takeoff,MaxTakeoff,T_05,,,,
7879,ICAO_A,8,2,Climb,MaxTakeoff,T_05U,1500,,,
7879,ICAO_A,8,3,Climb,MaxClimb,T_05U,3000,,,
7879,ICAO_A,8,4,Accelerate,MaxClimb,T_01,,1187.0,238.0,55
7879,ICAO_A,8,5,Accelerate,MaxClimb,T_00,,1332.0,258.0,55
7879,ICAO_A,8,6,Climb,MaxClimb,T_00,4500,,,
7879,ICAO_A,8,7,Climb,MaxClimb,T_00,5500,,,
7879,ICAO_A,8,8,Climb,MaxClimb,T_00,7500,,,
7879,ICAO_A,8,9,Climb,MaxClimb,T_00,10000,,,
7879,ICAO_A,M,1,Takeoff,MaxTakeoff,T_05,,,,
7879,ICAO_A,M,2,Climb,MaxTakeoff,T_05U,1500,,,
7879,ICAO_A,M,3,Climb,MaxClimb,T_05U,3000,,,
7879,ICAO_A,M,4,Accelerate,MaxClimb,T_01,,1108.0,238.0,55
7879,ICAO_A,M,5,Accelerate,MaxClimb,T_00,,1251.0,258.0,55
7879,ICAO_A,M,6,Climb,MaxClimb,T_00,4500,,,
7879,ICAO_A,M,7,Climb,MaxClimb,T_00,5500,,,
7879,ICAO_A,M,8,Climb,MaxClimb,T_00,7500,,,
7879,ICAO_A,M,9,Climb,MaxClimb,T_00,10000,,,
7879,ICAO_B,1,1,Takeoff,MaxTakeoff,T_05,,,,
7879,ICAO_B,1,2,Climb,MaxTakeoff,T_05U,1000,,,
7879,ICAO_B,1,3,Accelerate,MaxTakeoff,T_01,,2184.0,203.0,55
7879,ICAO_B,1,4,Accelerate,MaxTakeoff,T_01,,2366.0,225.0,55
7879,ICAO_B,1,5,Climb,MaxClimb,T_00,3000,,,
7879,ICAO_B,1,6,Accelerate,MaxClimb,T_00,,1864.0,250.0,60
7879,ICAO_B,1,7,Climb,MaxClimb,T_00,5500,,,
7879,ICAO_B,1,8,Climb,MaxClimb,T_00,7500,,,
7879,ICAO_B,1,9,Climb,MaxClimb,T_00,10000,,,
7879,ICAO_B,2,1,Takeoff,MaxTakeoff,T_05,,,,
7879,ICAO_B,2,2,Climb,MaxTakeoff,T_05U,1000,,,
7879,ICAO_B,2,3,Accelerate,MaxTakeoff,T_01,,2137.0,205.0,55
7879,ICAO_B,2,4,Accelerate,MaxTakeoff,T_01,,2309.0,227.0,55
7879,ICAO_B,2,5,Climb,MaxClimb,T_00,3000,,,
7879,ICAO_B,2,6,Accelerate,MaxClimb,T_00,,1809.0,250.0,60
7879,ICAO_B,2,7,Climb,MaxClimb,T_00,5500,,,
7879,ICAO_B,2,8,Climb,MaxClimb,T_00,7500,,,
7879,ICAO_B,2,9,Climb,MaxClimb,T_00,10000,,,
7879,ICAO_B,3,1,Takeoff,MaxTakeoff,T_05,,,,
7879,ICAO_B,3,2,Climb,MaxTakeoff,T_05U,1000,,,
7879,ICAO_B,3,3,Accelerate,MaxTakeoff,T_01,,2079.0,208.0,55
7879,ICAO_B,3,4,Accelerate,MaxTakeoff,T_01,,2242.0,229.0,55
7879,ICAO_B,3,5,Climb,MaxClimb,T_00,3000,,,
7879,ICAO_B,3,6,Accelerate,MaxClimb,T_00,,1754.0,250.0,60
7879,ICAO_B,3,7,Climb,MaxClimb,T_00,5500,,,
7879,ICAO_B,3,8,Climb,MaxClimb,T_00,7500,,,
7879,ICAO_B,3,9,Climb,MaxClimb,T_00,10000,,,
7879,ICAO_B,4,1,Takeoff,MaxTakeoff,T_05,,,,
7879,ICAO_B,4,2,Climb,MaxTakeoff,T_05U,1000,,,
7879,ICAO_B,4,3,Accelerate,MaxTakeoff,T_01,,1976.0,213.0,55
7879,ICAO_B,4,4,Accelerate,MaxTakeoff,T_01,,2140.0,233.0,55
7879,ICAO_B,4,5,Climb,MaxClimb,T_00,3000,,,
7879,ICAO_B,4,6,Accelerate,MaxClimb,T_00,,1657.0,250.0,60
7879,ICAO_B,4,7,Climb,MaxClimb,T_00,5500,,,
7879,ICAO_B,4,8,Climb,MaxClimb,T_00,7500,,,
7879,ICAO_B,4,9,Climb,MaxClimb,T_00,10000,,,
7879,ICAO_B,5,1,Takeoff,MaxTakeoff,T_05,,,,
7879,ICAO_B,5,2,Climb,MaxTakeoff,T_05U,1000,,,
7879,ICAO_B,5,3,Accelerate,MaxTakeoff,T_01,,1870.0,220.0,55
7879,ICAO_B,5,4,Accelerate,MaxTakeoff,T_01,,2033.0,242.0,55
7879,ICAO_B,5,5,Climb,MaxClimb,T_00,3000,,,
7879,ICAO_B,5,6,Accelerate,MaxClimb,T_00,,1558.0,250.0,60
7879,ICAO_B,5,7,Climb,MaxClimb,T_00,5500,,,
7879,ICAO_B,5,8,Climb,MaxClimb,T_00,7500,,,
7879,ICAO_B,5,9,Climb,MaxClimb,T_00,10000,,,
7879,ICAO_B,6,1,Takeoff,MaxTakeoff,T_05,,,,
7879,ICAO_B,6,2,Climb,MaxTakeoff,T_05U,1000,,,
7879,ICAO_B,6,3,Accelerate,MaxTakeoff,T_01,,1770.0,226.0,55
7879,ICAO_B,6,4,Accelerate,MaxTakeoff,T_01,,1928.0,249.0,55
7879,ICAO_B,6,5,Climb,MaxClimb,T_00,3000,,,
7879,ICAO_B,6,6,Accelerate,MaxClimb,T_00,,1455.0,250.0,60
7879,ICAO_B,6,7,Climb,MaxClimb,T_00,5500,,,
7879,ICAO_B,6,8,Climb,MaxClimb,T_00,7500,,,
7879,ICAO_B,6,9,Climb,MaxClimb,T_00,10000,,,
7879,ICAO_B,7,1,Takeoff,MaxTakeoff,T_05,,,,
7879,ICAO_B,7,2,Climb,MaxTakeoff,T_05U,1000,,,
7879,ICAO_B,7,3,Accelerate,MaxTakeoff,T_01,,1667.0,233.0,55
7879,ICAO_B,7,4,Accelerate,MaxTakeoff,T_01,,1811.0,256.0,55
7879,ICAO_B,7,5,Climb,MaxClimb,T_00,3000,,,
7879,ICAO_B,7,6,Climb,MaxClimb,T_00,4000,,,
7879,ICAO_B,7,7,Climb,MaxClimb,T_00,5500,,,
7879,ICAO_B,7,8,Climb,MaxClimb,T_00,7500,,,
7879,ICAO_B,7,9,Climb,MaxClimb,T_00,10000,,,
7879,ICAO_B,8,1,Takeoff,MaxTakeoff,T_05,,,,
7879,ICAO_B,8,2,Climb,MaxTakeoff,T_05U,1000,,,
7879,ICAO_B,8,3,Accelerate,MaxTakeoff,T_01,,1542.0,237.9,55
7879,ICAO_B,8,4,Accelerate,MaxTakeoff,T_01,,1674.0,258.1,55
7879,ICAO_B,8,5,Climb,MaxClimb,T_00,3000,,,
7879,ICAO_B,8,6,Climb,MaxClimb,T_00,4000,,,
7879,ICAO_B,8,7,Climb,MaxClimb,T_00,5500,,,
7879,ICAO_B,8,8,Climb,MaxClimb,T_00,7500,,,
7879,ICAO_B,8,9,Climb,MaxClimb,T_00,10000,,,
7879,ICAO_B,M,1,Takeoff,MaxTakeoff,T_05,,,,
7879,ICAO_B,M,2,Climb,MaxTakeoff,T_05U,1000,,,
7879,ICAO_B,M,3,Accelerate,MaxTakeoff,T_01,,1462.0,238.0,55
7879,ICAO_B,M,4,Accelerate,MaxTakeoff,T_01,,1590.0,258.1,55
7879,ICAO_B,M,5,Climb,MaxClimb,T_00,3000,,,
7879,ICAO_B,M,6,Climb,MaxClimb,T_00,4000,,,
7879,ICAO_B,M,7,Climb,MaxClimb,T_00,5500,,,
7879,ICAO_B,M,8,Climb,MaxClimb,T_00,7500,,,
7879,ICAO_B,M,9,Climb,MaxClimb,T_00,10000,,,
7879,DEFAULT,1,1,Takeoff,MaxTakeoff,T_05,,,,
7879,DEFAULT,1,2,Climb,MaxTakeoff,T_05U,1000,,,
7879,DEFAULT,1,3,Accelerate,MaxClimb,T_01,,1774.0,203.0,55
7879,DEFAULT,1,4,Accelerate,MaxClimb,T_00,,1944.0,225.0,55
7879,DEFAULT,1,5,Climb,MaxClimb,T_00,3000,,,
7879,DEFAULT,1,6,Accelerate,MaxClimb,T_00,,1861.0,250.0,60
7879,DEFAULT,1,7,Climb,MaxClimb,T_00,5500,,,
7879,DEFAULT,1,8,Climb,MaxClimb,T_00,7500,,,
7879,DEFAULT,1,9,Climb,MaxClimb,T_00,10000,,,
7879,DEFAULT,2,1,Takeoff,MaxTakeoff,T_05,,,,
7879,DEFAULT,2,2,Climb,MaxTakeoff,T_05U,1000,,,
7879,DEFAULT,2,3,Accelerate,MaxClimb,T_01,,1719.0,205.0,55
7879,DEFAULT,2,4,Accelerate,MaxClimb,T_00,,1887.0,227.0,55
7879,DEFAULT,2,5,Climb,MaxClimb,T_00,3000,,,
7879,DEFAULT,2,6,Accelerate,MaxClimb,T_00,,1807.0,250.0,60
7879,DEFAULT,2,7,Climb,MaxClimb,T_00,5500,,,
7879,DEFAULT,2,8,Climb,MaxClimb,T_00,7500,,,
7879,DEFAULT,2,9,Climb,MaxClimb,T_00,10000,,,
7879,DEFAULT,3,1,Takeoff,MaxTakeoff,T_05,,,,
7879,DEFAULT,3,2,Climb,MaxTakeoff,T_05U,1000,,,
7879,DEFAULT,3,3,Accelerate,MaxClimb,T_01,,1681.0,208.0,55
7879,DEFAULT,3,4,Accelerate,MaxClimb,T_00,,1834.0,229.0,55
7879,DEFAULT,3,5,Climb,MaxClimb,T_00,3000,,,
7879,DEFAULT,3,6,Accelerate,MaxClimb,T_00,,1750.0,250.0,60
7879,DEFAULT,3,7,Climb,MaxClimb,T_00,5500,,,
7879,DEFAULT,3,8,Climb,MaxClimb,T_00,7500,,,
7879,DEFAULT,3,9,Climb,MaxClimb,T_00,10000,,,
7879,DEFAULT,4,1,Takeoff,MaxTakeoff,T_05,,,,
7879,DEFAULT,4,2,Climb,MaxTakeoff,T_05U,1000,,,
7879,DEFAULT,4,3,Accelerate,MaxClimb,T_01,,1602.0,213.0,55
7879,DEFAULT,4,4,Accelerate,MaxClimb,T_00,,1758.0,233.0,55
7879,DEFAULT,4,5,Climb,MaxClimb,T_00,3000,,,
7879,DEFAULT,4,6,Accelerate,MaxClimb,T_00,,1662.0,250.0,60
7879,DEFAULT,4,7,Climb,MaxClimb,T_00,5500,,,
7879,DEFAULT,4,8,Climb,MaxClimb,T_00,7500,,,
7879,DEFAULT,4,9,Climb,MaxClimb,T_00,10000,,,
7879,DEFAULT,5,1,Takeoff,MaxTakeoff,T_05,,,,
7879,DEFAULT,5,2,Climb,MaxTakeoff,T_05U,1000,,,
7879,DEFAULT,5,3,Accelerate,MaxClimb,T_01,,1512.0,219.0,55
7879,DEFAULT,5,4,Accelerate,MaxClimb,T_00,,1677.0,241.0,55
7879,DEFAULT,5,5,Climb,MaxClimb,T_00,3000,,,
7879,DEFAULT,5,6,Accelerate,MaxClimb,T_00,,1555.0,250.0,60
7879,DEFAULT,5,7,Climb,MaxClimb,T_00,5500,,,
7879,DEFAULT,5,8,Climb,MaxClimb,T_00,7500,,,
7879,DEFAULT,5,9,Climb,MaxClimb,T_00,10000,,,
7879,DEFAULT,6,1,Takeoff,MaxTakeoff,T_05,,,,
7879,DEFAULT,6,2,Climb,MaxTakeoff,T_05U,1000,,,
7879,DEFAULT,6,3,Accelerate,MaxClimb,T_01,,1424.0,226.0,55
7879,DEFAULT,6,4,Accelerate,MaxClimb,T_00,,1588.0,249.0,55
7879,DEFAULT,6,5,Climb,MaxClimb,T_00,3000,,,
7879,DEFAULT,6,6,Accelerate,MaxClimb,T_00,,1454.0,250.0,60
7879,DEFAULT,6,7,Climb,MaxClimb,T_00,5500,,,
7879,DEFAULT,6,8,Climb,MaxClimb,T_00,7500,,,
7879,DEFAULT,6,9,Climb,MaxClimb,T_00,10000,,,
7879,DEFAULT,7,1,Takeoff,MaxTakeoff,T_05,,,,
7879,DEFAULT,7,2,Climb,MaxTakeoff,T_05U,1000,,,
7879,DEFAULT,7,3,Accelerate,MaxClimb,T_01,,1335.0,233.0,55
7879,DEFAULT,7,4,Accelerate,MaxClimb,T_00,,1495.0,256.0,55
7879,DEFAULT,7,5,Climb,MaxClimb,T_00,3000,,,
7879,DEFAULT,7,6,Climb,MaxClimb,T_00,4000,,,
7879,DEFAULT,7,7,Climb,MaxClimb,T_00,5500,,,
7879,DEFAULT,7,8,Climb,MaxClimb,T_00,7500,,,
7879,DEFAULT,7,9,Climb,MaxClimb,T_00,10000,,,
7879,DEFAULT,8,1,Takeoff,MaxTakeoff,T_05,,,,
7879,DEFAULT,8,2,Climb,MaxTakeoff,T_05U,1000,,,
7879,DEFAULT,8,3,Accelerate,MaxClimb,T_01,,1243.0,238.0,55
7879,DEFAULT,8,4,Accelerate,MaxClimb,T_00,,1394.0,258.0,55
7879,DEFAULT,8,5,Climb,MaxClimb,T_00,3000,,,
7879,DEFAULT,8,6,Climb,MaxClimb,T_00,4000,,,
7879,DEFAULT,8,7,Climb,MaxClimb,T_00,5500,,,
7879,DEFAULT,8,8,Climb,MaxClimb,T_00,7500,,,
7879,DEFAULT,8,9,Climb,MaxClimb,T_00,10000,,,
7879,DEFAULT,M,1,Takeoff,MaxTakeoff,T_05,,,,
7879,DEFAULT,M,2,Climb,MaxTakeoff,T_05U,1000,,,
7879,DEFAULT,M,3,Accelerate,MaxClimb,T_01,,1162.0,238.0,55
7879,DEFAULT,M,4,Accelerate,MaxClimb,T_00,,1310.0,258.0,55
7879,DEFAULT,M,5,Climb,MaxClimb,T_00,3000,,,
7879,DEFAULT,M,6,Climb,MaxClimb,T_00,4000,,,
7879,DEFAULT,M,7,Climb,MaxClimb,T_00,5500,,,
7879,DEFAULT,M,8,Climb,MaxClimb,T_00,7500,,,
7879,DEFAULT,M,9,Climb,MaxClimb,T_00,10000,,,
A320-270N,ICAO_A,1,1,Takeoff,MaxTakeoff,D_1+F_D,,,,
A320-270N,ICAO_A,1,2,Climb,MaxTakeoff,D_1+F_U,1500,,,
A320-270N,ICAO_A,1,3,Climb,MaxClimb,D_1+F_U,3000,,,
A320-270N,ICAO_A,1,4,Accelerate,MaxClimb,D_1+F_U,,1497.2,188.4,
A320-270N,ICAO_A,1,5,Accelerate,MaxClimb,D_1_U,,1629.5,204.8,
A320-270N,ICAO_A,1,6,Accelerate,MaxClimb,D_ZERO,,1781.2,231.3,
A320-270N,ICAO_A,1,7,Accelerate,MaxClimb,D_ZERO,,1921.5,250.0,
A320-270N,ICAO_A,1,8,Climb,MaxClimb,D_ZERO,10000,,,
A320-270N,ICAO_A,2,1,Takeoff,MaxTakeoff,D_1+F_D,,,,
A320-270N,ICAO_A,2,2,Climb,MaxTakeoff,D_1+F_U,1500,,,
A320-270N,ICAO_A,2,3,Climb,MaxClimb,D_1+F_U,3000,,,
A320-270N,ICAO_A,2,4,Accelerate,MaxClimb,D_1+F_U,,1440.7,191.6,
A320-270N,ICAO_A,2,5,Accelerate,MaxClimb,D_1_U,,1569.7,207.1,
A320-270N,ICAO_A,2,6,Accelerate,MaxClimb,D_ZERO,,1712.9,232.4,
A320-270N,ICAO_A,2,7,Accelerate,MaxClimb,D_ZERO,,1847.9,250.0,
A320-270N,ICAO_A,2,8,Climb,MaxClimb,D_ZERO,10000,,,
A320-270N,ICAO_A,3,1,Takeoff,MaxTakeoff,D_1+F_D,,,,
A320-270N,ICAO_A,3,2,Climb,MaxTakeoff,D_1+F_U,1500,,,
A320-270N,ICAO_A,3,3,Climb,MaxClimb,D_1+F_U,3000,,,
A320-270N,ICAO_A,3,4,Accelerate,MaxClimb,D_1+F_U,,1385.8,194.8,
A320-270N,ICAO_A,3,5,Accelerate,MaxClimb,D_1_U,,1511.1,209.5,
A320-270N,ICAO_A,3,6,Accelerate,MaxClimb,D_ZERO,,1646.7,233.6,
A320-270N,ICAO_A,3,7,Accelerate,MaxClimb,D_ZERO,,1776.8,250.0,
A320-270N,ICAO_A,3,8,Climb,MaxClimb,D_ZERO,10000,,,
A320-270N,ICAO_A,4,1,Takeoff,MaxTakeoff,D_1+F_D,,,,
A320-270N,ICAO_A,4,2,Climb,MaxTakeoff,D_1+F_U,1500,,,
A320-270N,ICAO_A,4,3,Climb,MaxClimb,D_1+F_U,3000,,,
A320-270N,ICAO_A,4,4,Accelerate,MaxClimb,D_1+F_U,,1296.1,200.3,
A320-270N,ICAO_A,4,5,Accelerate,MaxClimb,D_1_U,,1414.5,213.7,
A320-270N,ICAO_A,4,6,Accelerate,MaxClimb,D_ZERO,,1539.0,235.8,
A320-270N,ICAO_A,4,7,Accelerate,MaxClimb,D_ZERO,,1660.6,250.0,
A320-270N,ICAO_A,4,8,Climb,MaxClimb,D_ZERO,10000,,,
A320-270N,ICAO_A,5,1,Takeoff,MaxTakeoff,D_1+F_D,,,,
A320-270N,ICAO_A,5,2,Climb,MaxTakeoff,D_1+F_U,1500,,,
A320-270N,ICAO_A,5,3,Climb,MaxClimb,D_1+F_U,3000,,,
A320-270N,ICAO_A,5,4,Accelerate,MaxClimb,D_1+F_U,,1187.5,207.2,
A320-270N,ICAO_A,5,5,Accelerate,MaxClimb,D_1_U,,1299.9,219.1,
A320-270N,ICAO_A,5,6,Accelerate,MaxClimb,D_ZERO,,1413.1,239.0,
A320-270N,ICAO_A,5,7,Accelerate,MaxClimb,D_ZERO,,1523.9,250.0,
A320-270N,ICAO_A,5,8,Climb,MaxClimb,D_ZERO,10000,,,
A320-270N,ICAO_A,M,1,Takeoff,MaxTakeoff,D_1+F_D,,,,
A320-270N,ICAO_A,M,2,Climb,MaxTakeoff,D_1+F_U,1500,,,
A320-270N,ICAO_A,M,3,Climb,MaxClimb,D_1+F_U,3000,,,
A320-270N,ICAO_A,M,4,Accelerate,MaxClimb,D_1+F_U,,1120.0,211.8,
A320-270N,ICAO_A,M,5,Accelerate,MaxClimb,D_1_U,,1229.3,222.8,
A320-270N,ICAO_A,M,6,Accelerate,MaxClimb,D_ZERO,,1336.1,241.3,
A320-270N,ICAO_A,M,7,Accelerate,MaxClimb,D_ZERO,,1439.2,250.0,
A320-270N,ICAO_A,M,8,Climb,MaxClimb,D_ZERO,10000,,,
A320-270N,ICAO_B,1,1,Takeoff,MaxTakeoff,D_1+F_D,,,,
A320-270N,ICAO_B,1,2,Climb,MaxTakeoff,D_1+F_U,1000,,,
A320-270N,ICAO_B,1,3,Accelerate,MaxTakeoff,D_1+F_U,,1686.5,188.5,
A320-270N,ICAO_B,1,4,Accelerate,MaxTakeoff,D_1_U,,1840.1,207.9,
A320-270N,ICAO_B,1,5,Climb,MaxClimb,D_1_U,3000,,,
A320-270N,ICAO_B,1,6,Accelerate,MaxClimb,D_ZERO,,1925.4,250.0,
A320-270N,ICAO_B,1,7,Climb,MaxClimb,D_ZERO,10000,,,
A320-270N,ICAO_B,2,1,Takeoff,MaxTakeoff,D_1+F_D,,,,
A320-270N,ICAO_B,2,2,Climb,MaxTakeoff,D_1+F_U,1000,,,
A320-270N,ICAO_B,2,3,Accelerate,MaxTakeoff,D_1+F_U,,1625.8,191.7,
A320-270N,ICAO_B,2,4,Accelerate,MaxTakeoff,D_1_U,,1774.1,210.1,
A320-270N,ICAO_B,2,5,Climb,MaxClimb,D_1_U,3000,,,
A320-270N,ICAO_B,2,6,Accelerate,MaxClimb,D_ZERO,,1853.4,250.0,
A320-270N,ICAO_B,2,7,Climb,MaxClimb,D_ZERO,10000,,,
A320-270N,ICAO_B,3,1,Takeoff,MaxTakeoff,D_1+F_D,,,,
A320-270N,ICAO_B,3,2,Climb,MaxTakeoff,D_1+F_U,1000,,,
A320-270N,ICAO_B,3,3,Accelerate,MaxTakeoff,D_1+F_U,,1566.5,194.9,
A320-270N,ICAO_B,3,4,Accelerate,MaxTakeoff,D_1_U,,1709.6,212.4,
A320-270N,ICAO_B,3,5,Climb,MaxClimb,D_1_U,3000,,,
A320-270N,ICAO_B,3,6,Accelerate,MaxClimb,D_ZERO,,1783.6,250.0,
A320-270N,ICAO_B,3,7,Climb,MaxClimb,D_ZERO,10000,,,
A320-270N,ICAO_B,4,1,Takeoff,MaxTakeoff,D_1+F_D,,,,
A320-270N,ICAO_B,4,2,Climb,MaxTakeoff,D_1+F_U,1000,,,
A320-270N,ICAO_B,4,3,Accelerate,MaxTakeoff,D_1+F_U,,1469.9,200.4,
A320-270N,ICAO_B,4,4,Accelerate,MaxTakeoff,D_1_U,,1603.2,216.4,
A320-270N,ICAO_B,4,5,Climb,MaxClimb,D_1_U,3000,,,
A320-270N,ICAO_B,4,6,Accelerate,MaxClimb,D_ZERO,,1669.7,250.0,
A320-270N,ICAO_B,4,7,Climb,MaxClimb,D_ZERO,10000,,,
A320-270N,ICAO_B,5,1,Takeoff,MaxTakeoff,D_1+F_D,,,,
A320-270N,ICAO_B,5,2,Climb,MaxTakeoff,D_1+F_U,1000,,,
A320-270N,ICAO_B,5,3,Accelerate,MaxTakeoff,D_1+F_U,,1352.8,207.4,
A320-270N,ICAO_B,5,4,Accelerate,MaxTakeoff,D_1_U,,1476.8,221.6,
A320-270N,ICAO_B,5,5,Climb,MaxClimb,D_1_U,3000,,,
A320-270N,ICAO_B,5,6,Accelerate,MaxClimb,D_ZERO,,1536.7,250.0,
A320-270N,ICAO_B,5,7,Climb,MaxClimb,D_ZERO,10000,,,
A320-270N,ICAO_B,M,1,Takeoff,MaxTakeoff,D_1+F_D,,,,
A320-270N,ICAO_B,M,2,Climb,MaxTakeoff,D_1+F_U,1000,,,
A320-270N,ICAO_B,M,3,Accelerate,MaxTakeoff,D_1+F_U,,1280.1,211.9,
A320-270N,ICAO_B,M,4,Accelerate,MaxTakeoff,D_1_U,,1398.6,225.1,
A320-270N,ICAO_B,M,5,Climb,MaxClimb,D_1_U,3000,,,
A320-270N,ICAO_B,M,6,Accelerate,MaxClimb,D_ZERO,,1455.2,250.0,
A320-270N,ICAO_B,M,7,Climb,MaxClimb,D_ZERO,10000,,,
A321-270N,ICAO_A,1,1,Takeoff,MaxTakeoff,D1+FD,,,,
A321-270N,ICAO_A,1,2,Climb,MaxTakeoff,D1+FU,1500,,,
A321-270N,ICAO_A,1,3,Climb,MaxClimb,D1+FU,3000,,,
A321-270N,ICAO_A,1,4,Accelerate,MaxClimb,D1+FU,,1399.6,198.7,60
A321-270N,ICAO_A,1,5,Accelerate,MaxClimb,D1U,,1516.6,214.8,60
A321-270N,ICAO_A,1,6,Accelerate,MaxClimb,DZERO,,1676.0,238.4,60
A321-270N,ICAO_A,1,7,Accelerate,MaxClimb,DZERO,,1816.9,250.0,60
A321-270N,ICAO_A,1,8,Climb,MaxClimb,DZERO,10000,,,
A321-270N,ICAO_A,2,1,Takeoff,MaxTakeoff,D1+FD,,,,
A321-270N,ICAO_A,2,2,Climb,MaxTakeoff,D1+FU,1500,,,
A321-270N,ICAO_A,2,3,Climb,MaxClimb,D1+FU,3000,,,
A321-270N,ICAO_A,2,4,Accelerate,MaxClimb,D1+FU,,1342.5,202.1,60
A321-270N,ICAO_A,2,5,Accelerate,MaxClimb,D1U,,1455.6,217.3,60
A321-270N,ICAO_A,2,6,Accelerate,MaxClimb,DZERO,,1607.6,239.7,60
A321-270N,ICAO_A,2,7,Accelerate,MaxClimb,DZERO,,1742.2,250.0,60
A321-270N,ICAO_A,2,8,Climb,MaxClimb,DZERO,10000,,,
A321-270N,ICAO_A,3,1,Takeoff,MaxTakeoff,D1+FD,,,,
A321-270N,ICAO_A,3,2,Climb,MaxTakeoff,D1+FU,1500,,,
A321-270N,ICAO_A,3,3,Climb,MaxClimb,D1+FU,3000,,,
A321-270N,ICAO_A,3,4,Accelerate,MaxClimb,D1+FU,,1287.0,205.5,60
A321-270N,ICAO_A,3,5,Accelerate,MaxClimb,D1U,,1395.9,219.9,60
A321-270N,ICAO_A,3,6,Accelerate,MaxClimb,DZERO,,1541.3,241.1,60
A321-270N,ICAO_A,3,7,Accelerate,MaxClimb,DZERO,,1669.6,250.0,60
A321-270N,ICAO_A,3,8,Climb,MaxClimb,DZERO,10000,,,
A321-270N,ICAO_A,4,1,Takeoff,MaxTakeoff,D1+FD,,,,
A321-270N,ICAO_A,4,2,Climb,MaxTakeoff,D1+FU,1500,,,
A321-270N,ICAO_A,4,3,Climb,MaxClimb,D1+FU,3000,,,
A321-270N,ICAO_A,4,4,Accelerate,MaxClimb,D1+FU,,1195.1,211.4,60
A321-270N,ICAO_A,4,5,Accelerate,MaxClimb,D1U,,1297.7,224.4,60
A321-270N,ICAO_A,4,6,Accelerate,MaxClimb,DZERO,,1432.4,243.8,60
A321-270N,ICAO_A,4,7,Accelerate,MaxClimb,DZERO,,1550.4,250.0,60
A321-270N,ICAO_A,4,8,Climb,MaxClimb,DZERO,10000,,,
A321-270N,ICAO_A,5,1,Takeoff,MaxTakeoff,D1+FD,,,,
A321-270N,ICAO_A,5,2,Climb,MaxTakeoff,D1+FU,1500,,,
A321-270N,ICAO_A,5,3,Climb,MaxClimb,D1+FU,3000,,,
A321-270N,ICAO_A,5,4,Accelerate,MaxClimb,D1+FU,,1087.3,218.8,60
A321-270N,ICAO_A,5,5,Accelerate,MaxClimb,D1U,,1182.2,230.3,60
A321-270N,ICAO_A,5,6,Accelerate,MaxClimb,DZERO,,1305.0,247.6,60
A321-270N,ICAO_A,5,7,Accelerate,MaxClimb,DZERO,,1409.6,250.0,60
A321-270N,ICAO_A,5,8,Climb,MaxClimb,DZERO,10000,,,
A321-270N,ICAO_A,M,1,Takeoff,MaxTakeoff,D1+FD,,,,
A321-270N,ICAO_A,M,2,Climb,MaxTakeoff,D1+FU,1500,,,
A321-270N,ICAO_A,M,3,Climb,MaxClimb,D1+FU,3000,,,
A321-270N,ICAO_A,M,4,Accelerate,MaxClimb,D1+FU,,946.2,224.0,60
A321-270N,ICAO_A,M,5,Accelerate,MaxClimb,D1U,,1031.1,233.8,60
A321-270N,ICAO_A,M,6,Accelerate,MaxClimb,DZERO,,1138.6,248.7,60
A321-270N,ICAO_A,M,7,Accelerate,MaxClimb,DZERO,,1232.5,250.0,60
A321-270N,ICAO_A,M,8,Climb,MaxClimb,DZERO,10000,,,
A321-270N,ICAO_B,1,1,Takeoff,MaxTakeoff,D1+FD,,,,
A321-270N,ICAO_B,1,2,Climb,MaxTakeoff,D1+FU,1000,,,
A321-270N,ICAO_B,1,3,Accelerate,MaxTakeoff,D1+FU,,1790.7,198.8,60
A321-270N,ICAO_B,1,4,Accelerate,MaxTakeoff,D1U,,1921.3,220.2,60
A321-270N,ICAO_B,1,5,Climb,MaxClimb,DZERO,3000,,,
A321-270N,ICAO_B,1,6,Accelerate,MaxClimb,DZERO,,1825.4,250.0,60
A321-270N,ICAO_B,1,7,Climb,MaxClimb,DZERO,10000,,,
A321-270N,ICAO_B,2,1,Takeoff,MaxTakeoff,D1+FD,,,,
A321-270N,ICAO_B,2,2,Climb,MaxTakeoff,D1+FU,1000,,,
A321-270N,ICAO_B,2,3,Accelerate,MaxTakeoff,D1+FU,,1723.5,202.2,60
A321-270N,ICAO_B,2,4,Accelerate,MaxTakeoff,D1U,,1845.8,222.4,60
A321-270N,ICAO_B,2,5,Climb,MaxClimb,DZERO,3000,,,
A321-270N,ICAO_B,2,6,Accelerate,MaxClimb,DZERO,,1752.8,250.0,60
A321-270N,ICAO_B,2,7,Climb,MaxClimb,DZERO,10000,,,
A321-270N,ICAO_B,3,1,Takeoff,MaxTakeoff,D1+FD,,,,
A321-270N,ICAO_B,3,2,Climb,MaxTakeoff,D1+FU,1000,,,
A321-270N,ICAO_B,3,3,Accelerate,MaxTakeoff,D1+FU,,1658.1,205.6,60
A321-270N,ICAO_B,3,4,Accelerate,MaxTakeoff,D1U,,1772.2,224.7,60
A321-270N,ICAO_B,3,5,Climb,MaxClimb,DZERO,3000,,,
A321-270N,ICAO_B,3,6,Accelerate,MaxClimb,DZERO,,1682.5,250.0,60
A321-270N,ICAO_B,3,7,Climb,MaxClimb,DZERO,10000,,,
A321-270N,ICAO_B,4,1,Takeoff,MaxTakeoff,D1+FD,,,,
A321-270N,ICAO_B,4,2,Climb,MaxTakeoff,D1+FU,1000,,,
A321-270N,ICAO_B,4,3,Accelerate,MaxTakeoff,D1+FU,,1549.3,211.5,60
A321-270N,ICAO_B,4,4,Accelerate,MaxTakeoff,D1U,,1651.3,228.9,60
A321-270N,ICAO_B,4,5,Climb,MaxClimb,DZERO,3000,,,
A321-270N,ICAO_B,4,6,Accelerate,MaxClimb,DZERO,,1567.4,250.0,60
A321-270N,ICAO_B,4,7,Climb,MaxClimb,DZERO,10000,,,
A321-270N,ICAO_B,5,1,Takeoff,MaxTakeoff,D1+FD,,,,
A321-270N,ICAO_B,5,2,Climb,MaxTakeoff,D1+FU,1000,,,
A321-270N,ICAO_B,5,3,Accelerate,MaxTakeoff,D1+FU,,1421.2,218.9,60
A321-270N,ICAO_B,5,4,Accelerate,MaxTakeoff,D1U,,1511.7,234.4,60
A321-270N,ICAO_B,5,5,Climb,MaxClimb,DZERO,3000,,,
A321-270N,ICAO_B,5,6,Accelerate,MaxClimb,DZERO,,1434.0,250.0,60
A321-270N,ICAO_B,5,7,Climb,MaxClimb,DZERO,10000,,,
A321-270N,ICAO_B,M,1,Takeoff,MaxTakeoff,D1+FD,,,,
A321-270N,ICAO_B,M,2,Climb,MaxTakeoff,D1+FU,1000,,,
A321-270N,ICAO_B,M,3,Accelerate,MaxTakeoff,D1+FU,,1255.1,224.0,60
A321-270N,ICAO_B,M,4,Accelerate,MaxTakeoff,D1U,,1335.1,237.4,60
A321-270N,ICAO_B,M,5,Climb,MaxClimb,DZERO,3000,,,
A321-270N,ICAO_B,M,6,Accelerate,MaxClimb,DZERO,,1257.2,250.0,60
A321-270N,ICAO_B,M,7,Climb,MaxClimb,DZERO,10000,,,
A330-743L,ICAO_A,1,1,Takeoff,MaxTakeoff,D1+FD,,,,
A330-743L,ICAO_A,1,2,Climb,MaxTakeoff,D1+FU,1500,,,
A330-743L,ICAO_A,1,3,Climb,MaxClimb,D1+FU,3000,,,
A330-743L,ICAO_A,1,4,Accelerate,MaxClimb,D1+FU,,1052.2,183.7,60
A330-743L,ICAO_A,1,5,Accelerate,MaxClimb,D1U,,1122.7,202.8,60
A330-743L,ICAO_A,1,6,Accelerate,MaxClimb,DZERO,,1415.3,250.0,60
A330-743L,ICAO_A,1,7,Climb,MaxClimb,DZERO,10000,,,
A330-743L,ICAO_A,2,1,Takeoff,MaxTakeoff,D1+FD,,,,
A330-743L,ICAO_A,2,2,Climb,MaxTakeoff,D1+FU,1500,,,
A330-743L,ICAO_A,2,3,Climb,MaxClimb,D1+FU,3000,,,
A330-743L,ICAO_A,2,4,Accelerate,MaxClimb,D1+FU,,1001.1,187.4,60
A330-743L,ICAO_A,2,5,Accelerate,MaxClimb,D1U,,1081.1,205.5,60
A330-743L,ICAO_A,2,6,Accelerate,MaxClimb,DZERO,,1352.6,250.0,60
A330-743L,ICAO_A,2,7,Climb,MaxClimb,DZERO,10000,,,
A330-743L,ICAO_A,3,1,Takeoff,MaxTakeoff,D1+FD,,,,
A330-743L,ICAO_A,3,2,Climb,MaxTakeoff,D1+FU,1500,,,
A330-743L,ICAO_A,3,3,Climb,MaxClimb,D1+FU,3000,,,
A330-743L,ICAO_A,3,4,Accelerate,MaxClimb,D1+FU,,951.1,191.2,60
A330-743L,ICAO_A,3,5,Accelerate,MaxClimb,D1U,,1040.1,208.2,60
A330-743L,ICAO_A,3,6,Accelerate,MaxClimb,DZERO,,1289.4,250.0,60
A330-743L,ICAO_A,3,7,Climb,MaxClimb,DZERO,10000,,,
A330-743L,ICAO_A,4,1,Takeoff,MaxTakeoff,D1+FD,,,,
A330-743L,ICAO_A,4,2,Climb,MaxTakeoff,D1+FU,1500,,,
A330-743L,ICAO_A,4,3,Climb,MaxClimb,D1+FU,3000,,,
A330-743L,ICAO_A,4,4,Accelerate,MaxClimb,D1+FU,,876.6,197.3,60
A330-743L,ICAO_A,4,5,Accelerate,MaxClimb,D1U,,972.9,212.8,60
A330-743L,ICAO_A,4,6,Accelerate,MaxClimb,DZERO,,1187.9,250.0,60
A330-743L,ICAO_A,4,7,Climb,MaxClimb,DZERO,10000,,,
A330-743L,ICAO_A,5,1,Takeoff,MaxTakeoff,D1+FD,,,,
A330-743L,ICAO_A,5,2,Climb,MaxTakeoff,D1+FU,1500,,,
A330-743L,ICAO_A,5,3,Climb,MaxClimb,D1+FU,3000,,,
A330-743L,ICAO_A,5,4,Accelerate,MaxClimb,D1+FU,,781.0,200.0,60
A330-743L,ICAO_A,5,5,Accelerate,MaxClimb,D1U,,862.7,213.6,60
A330-743L,ICAO_A,5,6,Accelerate,MaxClimb,DZERO,,1059.2,250.0,60
A330-743L,ICAO_A,5,7,Climb,MaxClimb,DZERO,10000,,,
A330-743L,ICAO_A,M,1,Takeoff,MaxTakeoff,D1+FD,,,,
A330-743L,ICAO_A,M,2,Climb,MaxTakeoff,D1+FU,1500,,,
A330-743L,ICAO_A,M,3,Climb,MaxClimb,D1+FU,3000,,,
A330-743L,ICAO_A,M,4,Accelerate,MaxClimb,D1+FU,,744.3,201.0,60
A330-743L,ICAO_A,M,5,Accelerate,MaxClimb,D1U,,818.9,213.9,60
A330-743L,ICAO_A,M,6,Accelerate,MaxClimb,DZERO,,1008.3,250.0,60
A330-743L,ICAO_A,M,7,Climb,MaxClimb,DZERO,10000,,,
A330-743L,ICAO_B,1,1,Takeoff,MaxTakeoff,D1+FD,,,,
A330-743L,ICAO_B,1,2,Climb,MaxTakeoff,D1+FU,1000,,,
A330-743L,ICAO_B,1,3,Accelerate,MaxTakeoff,D1+FU,,1638.5,183.8,60
A330-743L,ICAO_B,1,4,Accelerate,MaxTakeoff,D1U,,1712.7,213.6,60
A330-743L,ICAO_B,1,5,Climb,MaxClimb,DZERO,3000,,,
A330-743L,ICAO_B,1,6,Accelerate,MaxClimb,DZERO,,1473.1,250.0,60
A330-743L,ICAO_B,1,7,Climb,MaxClimb,DZERO,10000,,,
A330-743L,ICAO_B,2,1,Takeoff,MaxTakeoff,D1+FD,,,,
A330-743L,ICAO_B,2,2,Climb,MaxTakeoff,D1+FU,1000,,,
A330-743L,ICAO_B,2,3,Accelerate,MaxTakeoff,D1+FU,,1571.6,187.5,60
A330-743L,ICAO_B,2,4,Accelerate,MaxTakeoff,D1U,,1640.9,215.6,60
A330-743L,ICAO_B,2,5,Climb,MaxClimb,DZERO,3000,,,
A330-743L,ICAO_B,2,6,Accelerate,MaxClimb,DZERO,,1406.5,250.0,60
A330-743L,ICAO_B,2,7,Climb,MaxClimb,DZERO,10000,,,
A330-743L,ICAO_B,3,1,Takeoff,MaxTakeoff,D1+FD,,,,
A330-743L,ICAO_B,3,2,Climb,MaxTakeoff,D1+FU,1000,,,
A330-743L,ICAO_B,3,3,Accelerate,MaxTakeoff,D1+FU,,1504.1,191.2,60
A330-743L,ICAO_B,3,4,Accelerate,MaxTakeoff,D1U,,1568.1,217.7,60
A330-743L,ICAO_B,3,5,Climb,MaxClimb,DZERO,3000,,,
A330-743L,ICAO_B,3,6,Accelerate,MaxClimb,DZERO,,1339.7,250.0,60
A330-743L,ICAO_B,3,7,Climb,MaxClimb,DZERO,10000,,,
A330-743L,ICAO_B,4,1,Takeoff,MaxTakeoff,D1+FD,,,,
A330-743L,ICAO_B,4,2,Climb,MaxTakeoff,D1+FU,1000,,,
A330-743L,ICAO_B,4,3,Accelerate,MaxTakeoff,D1+FU,,1393.5,197.2,60
A330-743L,ICAO_B,4,4,Accelerate,MaxTakeoff,D1U,,1450.6,221.1,60
A330-743L,ICAO_B,4,5,Climb,MaxClimb,DZERO,3000,,,
A330-743L,ICAO_B,4,6,Accelerate,MaxClimb,DZERO,,1232.8,250.0,60
A330-743L,ICAO_B,4,7,Climb,MaxClimb,DZERO,10000,,,
A330-743L,ICAO_B,5,1,Takeoff,MaxTakeoff,D1+FD,,,,
A330-743L,ICAO_B,5,2,Climb,MaxTakeoff,D1+FU,1000,,,
A330-743L,ICAO_B,5,3,Accelerate,MaxTakeoff,D1+FU,,1257.6,200.0,60
A330-743L,ICAO_B,5,4,Accelerate,MaxTakeoff,D1U,,1299.2,221.3,60
A330-743L,ICAO_B,5,5,Climb,MaxClimb,DZERO,3000,,,
A330-743L,ICAO_B,5,6,Accelerate,MaxClimb,DZERO,,1097.4,250.0,60
A330-743L,ICAO_B,5,7,Climb,MaxClimb,DZERO,10000,,,
A330-743L,ICAO_B,M,1,Takeoff,MaxTakeoff,D1+FD,,,,
A330-743L,ICAO_B,M,2,Climb,MaxTakeoff,D1+FU,1000,,,
A330-743L,ICAO_B,M,3,Accelerate,MaxTakeoff,D1+FU,,1204.4,201.0,60
A330-743L,ICAO_B,M,4,Accelerate,MaxTakeoff,D1U,,1240.1,221.3,60
A330-743L,ICAO_B,M,5,Climb,MaxClimb,DZERO,3000,,,
A330-743L,ICAO_B,M,6,Accelerate,MaxClimb,DZERO,,1044.0,250.0,60
A330-743L,ICAO_B,M,7,Climb,MaxClimb,DZERO,10000,,,
A350-1041,ICAO_A,1,1,Takeoff,MaxTakeoff,D1+FD,,,,
A350-1041,ICAO_A,1,2,Climb,MaxTakeoff,D1+FU,1500,,,
A350-1041,ICAO_A,1,3,Climb,MaxClimb,D1+FU,3000,,,
A350-1041,ICAO_A,1,4,Accelerate,MaxClimb,D1+FU,,1312.7,181.1,60
A350-1041,ICAO_A,1,5,Accelerate,MaxClimb,D1U,,1368.9,207.5,60
A350-1041,ICAO_A,1,6,Accelerate,MaxClimb,DZERO,,1530.6,229.8,60
A350-1041,ICAO_A,1,7,Accelerate,MaxClimb,DZERO,,1649.6,250.0,60
A350-1041,ICAO_A,1,8,Climb,MaxClimb,DZERO,10000,,,
A350-1041,ICAO_A,2,1,Takeoff,MaxTakeoff,D1+FD,,,,
A350-1041,ICAO_A,2,2,Climb,MaxTakeoff,D1+FU,1500,,,
A350-1041,ICAO_A,2,3,Climb,MaxClimb,D1+FU,3000,,,
A350-1041,ICAO_A,2,4,Accelerate,MaxClimb,D1+FU,,1260.4,183.6,60
A350-1041,ICAO_A,2,5,Accelerate,MaxClimb,D1U,,1318.7,208.9,60
A350-1041,ICAO_A,2,6,Accelerate,MaxClimb,DZERO,,1473.0,230.3,60
A350-1041,ICAO_A,2,7,Accelerate,MaxClimb,DZERO,,1590.8,250.0,60
A350-1041,ICAO_A,2,8,Climb,MaxClimb,DZERO,10000,,,
A350-1041,ICAO_A,3,1,Takeoff,MaxTakeoff,D1+FD,,,,
A350-1041,ICAO_A,3,2,Climb,MaxTakeoff,D1+FU,1500,,,
A350-1041,ICAO_A,3,3,Climb,MaxClimb,D1+FU,3000,,,
A350-1041,ICAO_A,3,4,Accelerate,MaxClimb,D1+FU,,1217.0,186.2,60
A350-1041,ICAO_A,3,5,Accelerate,MaxClimb,D1U,,1277.1,210.4,60
A350-1041,ICAO_A,3,6,Accelerate,MaxClimb,DZERO,,1424.1,231.0,60
A350-1041,ICAO_A,3,7,Accelerate,MaxClimb,DZERO,,1536.8,250.0,60
A350-1041,ICAO_A,3,8,Climb,MaxClimb,DZERO,10000,,,
A350-1041,ICAO_A,4,1,Takeoff,MaxTakeoff,D1+FD,,,,
A350-1041,ICAO_A,4,2,Climb,MaxTakeoff,D1+FU,1500,,,
A350-1041,ICAO_A,4,3,Climb,MaxClimb,D1+FU,3000,,,
A350-1041,ICAO_A,4,4,Accelerate,MaxClimb,D1+FU,,1146.8,190.7,60
A350-1041,ICAO_A,4,5,Accelerate,MaxClimb,D1U,,1208.5,213.2,60
A350-1041,ICAO_A,4,6,Accelerate,MaxClimb,DZERO,,1344.2,232.4,60
A350-1041,ICAO_A,4,7,Accelerate,MaxClimb,DZERO,,1447.9,250.0,60
A350-1041,ICAO_A,4,8,Climb,MaxClimb,DZERO,10000,,,
A350-1041,ICAO_A,5,1,Takeoff,MaxTakeoff,D1+FD,,,,
A350-1041,ICAO_A,5,2,Climb,MaxTakeoff,D1+FU,1500,,,
A350-1041,ICAO_A,5,3,Climb,MaxClimb,D1+FU,3000,,,
A350-1041,ICAO_A,5,4,Accelerate,MaxClimb,D1+FU,,1065.3,196.4,60
A350-1041,ICAO_A,5,5,Accelerate,MaxClimb,D1U,,1127.4,216.9,60
A350-1041,ICAO_A,5,6,Accelerate,MaxClimb,DZERO,,1251.0,234.6,60
A350-1041,ICAO_A,5,7,Accelerate,MaxClimb,DZERO,,1343.8,250.0,60
A350-1041,ICAO_A,5,8,Climb,MaxClimb,DZERO,10000,,,
A350-1041,ICAO_A,6,1,Takeoff,MaxTakeoff,D1+FD,,,,
A350-1041,ICAO_A,6,2,Climb,MaxTakeoff,D1+FU,1500,,,
A350-1041,ICAO_A,6,3,Climb,MaxClimb,D1+FU,3000,,,
A350-1041,ICAO_A,6,4,Accelerate,MaxClimb,D1+FU,,987.1,202.7,60
A350-1041,ICAO_A,6,5,Accelerate,MaxClimb,D1U,,1048.7,221.2,60
A350-1041,ICAO_A,6,6,Accelerate,MaxClimb,DZERO,,1161.9,237.3,60
A350-1041,ICAO_A,6,7,Accelerate,MaxClimb,DZERO,,1243.2,250.0,60
A350-1041,ICAO_A,6,8,Climb,MaxClimb,DZERO,10000,,,
A350-1041,ICAO_A,7,1,Takeoff,MaxTakeoff,D1+FD,,,,
A350-1041,ICAO_A,7,2,Climb,MaxTakeoff,D1+FU,1500,,,
A350-1041,ICAO_A,7,3,Climb,MaxClimb,D1+FU,3000,,,
A350-1041,ICAO_A,7,4,Accelerate,MaxClimb,D1+FU,,913.6,209.4,60
A350-1041,ICAO_A,7,5,Accelerate,MaxClimb,D1U,,974.6,226.1,60
A350-1041,ICAO_A,7,6,Accelerate,MaxClimb,DZERO,,1078.8,240.8,60
A350-1041,ICAO_A,7,7,Accelerate,MaxClimb,DZERO,,1148.3,250.0,60
A350-1041,ICAO_A,7,8,Climb,MaxClimb,DZERO,10000,,,
A350-1041,ICAO_A,8,1,Takeoff,MaxTakeoff,D1+FD,,,,
A350-1041,ICAO_A,8,2,Climb,MaxTakeoff,D1+FU,1500,,,
A350-1041,ICAO_A,8,3,Climb,MaxClimb,D1+FU,3000,,,
A350-1041,ICAO_A,8,4,Accelerate,MaxClimb,D1+FU,,842.6,216.6,60
A350-1041,ICAO_A,8,5,Accelerate,MaxClimb,D1U,,902.6,231.6,60
A350-1041,ICAO_A,8,6,Accelerate,MaxClimb,DZERO,,999.0,244.8,60
A350-1041,ICAO_A,8,7,Accelerate,MaxClimb,DZERO,,1056.8,250.0,60
A350-1041,ICAO_A,8,8,Climb,MaxClimb,DZERO,10000,,,
A350-1041,ICAO_A,M,1,Takeoff,MaxTakeoff,D1+FD,,,,
A350-1041,ICAO_A,M,2,Climb,MaxTakeoff,D1+FU,1500,,,
A350-1041,ICAO_A,M,3,Climb,MaxClimb,D1+FU,3000,,,
A350-1041,ICAO_A,M,4,Accelerate,MaxClimb,D1+FU,,777.1,223.7,60
A350-1041,ICAO_A,M,5,Accelerate,MaxClimb,D1U,,835.6,237.2,60
A350-1041,ICAO_A,M,6,Accelerate,MaxClimb,DZERO,,925.1,249.2,60
A350-1041,ICAO_A,M,7,Accelerate,MaxClimb,DZERO,,970.3,250.0,60
A350-1041,ICAO_A,M,8,Climb,MaxClimb,DZERO,10000,,,
A350-1041,ICAO_B,1,1,Takeoff,MaxTakeoff,D1+FD,,,,
A350-1041,ICAO_B,1,2,Climb,MaxTakeoff,D1+FD,1000,,,
A350-1041,ICAO_B,1,3,Accelerate,MaxTakeoff,D1+FU,,1972.0,181.1,60
A350-1041,ICAO_B,1,4,Accelerate,MaxTakeoff,D1U,,2084.5,222.2,60
A350-1041,ICAO_B,1,5,Climb,MaxClimb,DZERO,3000,,,
A350-1041,ICAO_B,1,6,Accelerate,MaxClimb,DZERO,,1660.7,250.0,60
A350-1041,ICAO_B,1,7,Climb,MaxClimb,DZERO,10000,,,
A350-1041,ICAO_B,2,1,Takeoff,MaxTakeoff,D1+FD,,,,
A350-1041,ICAO_B,2,2,Climb,MaxTakeoff,D1+FD,1000,,,
A350-1041,ICAO_B,2,3,Accelerate,MaxTakeoff,D1+FU,,1900.2,183.6,60
A350-1041,ICAO_B,2,4,Accelerate,MaxTakeoff,D1U,,2026.2,223.2,60
A350-1041,ICAO_B,2,5,Climb,MaxClimb,DZERO,3000,,,
A350-1041,ICAO_B,2,6,Accelerate,MaxClimb,DZERO,,1605.5,250.0,60
A350-1041,ICAO_B,2,7,Climb,MaxClimb,DZERO,10000,,,
A350-1041,ICAO_B,3,1,Takeoff,MaxTakeoff,D1+FD,,,,
A350-1041,ICAO_B,3,2,Climb,MaxTakeoff,D1+FD,1000,,,
A350-1041,ICAO_B,3,3,Accelerate,MaxTakeoff,D1+FU,,1846.4,186.1,60
A350-1041,ICAO_B,3,4,Accelerate,MaxTakeoff,D1U,,1969.6,224.2,60
A350-1041,ICAO_B,3,5,Climb,MaxClimb,DZERO,3000,,,
A350-1041,ICAO_B,3,6,Accelerate,MaxClimb,DZERO,,1551.7,250.0,60
A350-1041,ICAO_B,3,7,Climb,MaxClimb,DZERO,10000,,,
A350-1041,ICAO_B,4,1,Takeoff,MaxTakeoff,D1+FD,,,,
A350-1041,ICAO_B,4,2,Climb,MaxTakeoff,D1+FD,1000,,,
A350-1041,ICAO_B,4,3,Accelerate,MaxTakeoff,D1+FU,,1758.0,190.5,60
A350-1041,ICAO_B,4,4,Accelerate,MaxTakeoff,D1U,,1876.2,226.2,60
A350-1041,ICAO_B,4,5,Climb,MaxClimb,DZERO,3000,,,
A350-1041,ICAO_B,4,6,Accelerate,MaxClimb,DZERO,,1463.2,250.0,60
A350-1041,ICAO_B,4,7,Climb,MaxClimb,DZERO,10000,,,
A350-1041,ICAO_B,5,1,Takeoff,MaxTakeoff,D1+FD,,,,
A350-1041,ICAO_B,5,2,Climb,MaxTakeoff,D1+FD,1000,,,
A350-1041,ICAO_B,5,3,Accelerate,MaxTakeoff,D1+FU,,1653.0,195.9,60
A350-1041,ICAO_B,5,4,Accelerate,MaxTakeoff,D1U,,1765.6,228.8,60
A350-1041,ICAO_B,5,5,Climb,MaxClimb,DZERO,3000,,,
A350-1041,ICAO_B,5,6,Accelerate,MaxClimb,DZERO,,1359.5,250.0,60
A350-1041,ICAO_B,5,7,Climb,MaxClimb,DZERO,10000,,,
A350-1041,ICAO_B,6,1,Takeoff,MaxTakeoff,D1+FD,,,,
A350-1041,ICAO_B,6,2,Climb,MaxTakeoff,D1+FD,1000,,,
A350-1041,ICAO_B,6,3,Accelerate,MaxTakeoff,D1+FU,,1551.6,201.8,60
A350-1041,ICAO_B,6,4,Accelerate,MaxTakeoff,D1U,,1658.8,232.0,60
A350-1041,ICAO_B,6,5,Climb,MaxClimb,DZERO,3000,,,
A350-1041,ICAO_B,6,6,Accelerate,MaxClimb,DZERO,,1260.0,250.0,60
A350-1041,ICAO_B,6,7,Climb,MaxClimb,DZERO,10000,,,
A350-1041,ICAO_B,7,1,Takeoff,MaxTakeoff,D1+FD,,,,
A350-1041,ICAO_B,7,2,Climb,MaxTakeoff,D1+FD,1000,,,
A350-1041,ICAO_B,7,3,Accelerate,MaxTakeoff,D1+FU,,1454.9,208.2,60
A350-1041,ICAO_B,7,4,Accelerate,MaxTakeoff,D1U,,1559.0,235.9,60
A350-1041,ICAO_B,7,5,Climb,MaxClimb,DZERO,3000,,,
A350-1041,ICAO_B,7,6,Accelerate,MaxClimb,DZERO,,1167.5,250.0,60
A350-1041,ICAO_B,7,7,Climb,MaxClimb,DZERO,10000,,,
A350-1041,ICAO_B,8,1,Takeoff,MaxTakeoff,D1+FD,,,,
A350-1041,ICAO_B,8,2,Climb,MaxTakeoff,D1+FD,1000,,,
A350-1041,ICAO_B,8,3,Accelerate,MaxTakeoff,D1+FU,,1362.4,215.2,60
A350-1041,ICAO_B,8,4,Accelerate,MaxTakeoff,D1U,,1463.9,240.4,60
A350-1041,ICAO_B,8,5,Climb,MaxClimb,DZERO,3000,,,
A350-1041,ICAO_B,8,6,Accelerate,MaxClimb,DZERO,,1081.5,250.0,60
A350-1041,ICAO_B,8,7,Climb,MaxClimb,DZERO,10000,,,
A350-1041,ICAO_B,M,1,Takeoff,MaxTakeoff,D1+FD,,,,
A350-1041,ICAO_B,M,2,Climb,MaxTakeoff,D1+FD,1000,,,
A350-1041,ICAO_B,M,3,Accelerate,MaxTakeoff,D1+FU,,1277.7,222.2,60
A350-1041,ICAO_B,M,4,Accelerate,MaxTakeoff,D1U,,1376.4,245.3,60
A350-1041,ICAO_B,M,5,Climb,MaxClimb,DZERO,3000,,,
A350-1041,ICAO_B,M,6,Accelerate,MaxClimb,DZERO,,1012.5,250.0,60
A350-1041,ICAO_B,M,7,Climb,MaxClimb,DZERO,10000,,,
ERJ190-300,DEFAULT,1,1,Takeoff,MaxTakeoff,F1-DN,,,,
ERJ190-300,DEFAULT,1,2,Climb,MaxTakeoff,F1-DN,938,,,
ERJ190-300,DEFAULT,1,3,Climb,MaxTakeoff,F1-UP,1000,,,
ERJ190-300,DEFAULT,1,4,Accelerate,MaxClimb,F1-UP,,1800.0,177.2,40
ERJ190-300,DEFAULT,1,5,Accelerate,MaxClimb,F0-UP,,2000.0,180.4,40
ERJ190-300,DEFAULT,1,6,Climb,MaxClimb,F0-UP,3000,,,
ERJ190-300,DEFAULT,1,7,Accelerate,MaxClimb,F0-UP,,2100.0,250.0,40
ERJ190-300,DEFAULT,1,8,Climb,MaxClimb,F0-UP,10000,,,
ERJ190-300,DEFAULT,2,1,Takeoff,MaxTakeoff,F1-DN,,,,
ERJ190-300,DEFAULT,2,2,Climb,MaxTakeoff,F1-DN,902,,,
ERJ190-300,DEFAULT,2,3,Climb,MaxTakeoff,F1-UP,1000,,,
ERJ190-300,DEFAULT,2,4,Accelerate,MaxClimb,F1-UP,,1700.0,179.0,40
ERJ190-300,DEFAULT,2,5,Accelerate,MaxClimb,F0-UP,,1900.0,184.6,40
ERJ190-300,DEFAULT,2,6,Climb,MaxClimb,F0-UP,3000,,,
ERJ190-300,DEFAULT,2,7,Accelerate,MaxClimb,F0-UP,,2000.0,250.0,40
ERJ190-300,DEFAULT,2,8,Climb,MaxClimb,F0-UP,10000,,,
ERJ190-300,DEFAULT,3,1,Takeoff,MaxTakeoff,F1-DN,,,,
ERJ190-300,DEFAULT,3,2,Climb,MaxTakeoff,F1-DN,866,,,
ERJ190-300,DEFAULT,3,3,Climb,MaxTakeoff,F1-UP,1000,,,
ERJ190-300,DEFAULT,3,4,Accelerate,MaxClimb,F1-UP,,1600.0,180.9,40
ERJ190-300,DEFAULT,3,5,Accelerate,MaxClimb,F0-UP,,1800.0,189.0,40
ERJ190-300,DEFAULT,3,6,Climb,MaxClimb,F0-UP,3000,,,
ERJ190-300,DEFAULT,3,7,Accelerate,MaxClimb,F0-UP,,1900.0,250.0,40
ERJ190-300,DEFAULT,3,8,Climb,MaxClimb,F0-UP,10000,,,
ERJ190-300,DEFAULT,4,1,Takeoff,MaxTakeoff,F1-DN,,,,
ERJ190-300,DEFAULT,4,2,Climb,MaxTakeoff,F1-DN,806,,,
ERJ190-300,DEFAULT,4,3,Climb,MaxTakeoff,F1-UP,1000,,,
ERJ190-300,DEFAULT,4,4,Accelerate,MaxClimb,F1-UP,,1500.0,183.2,40
ERJ190-300,DEFAULT,4,5,Accelerate,MaxClimb,F0-UP,,1700.0,196.9,40
ERJ190-300,DEFAULT,4,6,Climb,MaxClimb,F0-UP,3000,,,
ERJ190-300,DEFAULT,4,7,Accelerate,MaxClimb,F0-UP,,1800.0,250.0,40
ERJ190-300,DEFAULT,4,8,Climb,MaxClimb,F0-UP,10000,,,
ERJ190-300,DEFAULT,M,1,Takeoff,MaxTakeoff,F1-DN,,,,
ERJ190-300,DEFAULT,M,2,Climb,MaxTakeoff,F1-DN,740,,,
ERJ190-300,DEFAULT,M,3,Climb,MaxTakeoff,F1-UP,1000,,,
ERJ190-300,DEFAULT,M,4,Accelerate,MaxClimb,F1-UP,,1300.0,189.0,40
ERJ190-300,DEFAULT,M,5,Accelerate,MaxClimb,F0-UP,,1500.0,206.6,40
ERJ190-300,DEFAULT,M,6,Climb,MaxClimb,F0-UP,3000,,,
ERJ190-300,DEFAULT,M,7,Accelerate,MaxClimb,F0-UP,,1600.0,250.0,40
ERJ190-300,DEFAULT,M,8,Climb,MaxClimb,F0-UP,10000,,,
ERJ190-300,ICAO_A,1,1,Takeoff,MaxTakeoff,F1-DN,,,,
ERJ190-300,ICAO_A,1,2,Climb,MaxTakeoff,F1-DN,938,,,
ERJ190-300,ICAO_A,1,3,Climb,MaxTakeoff,F1-UP,1500,,,
ERJ190-300,ICAO_A,1,4,Climb,MaxClimb,F1-UP,3000,,,
ERJ190-300,ICAO_A,1,5,Accelerate,MaxClimb,F1-UP,,1700.0,177.8,40
ERJ190-300,ICAO_A,1,6,Accelerate,MaxClimb,F0-UP,,1700.0,250.0,40
ERJ190-300,ICAO_A,1,7,Climb,MaxClimb,F0-UP,10000,,,
ERJ190-300,ICAO_A,2,1,Takeoff,MaxTakeoff,F1-DN,,,,
ERJ190-300,ICAO_A,2,2,Climb,MaxTakeoff,F1-DN,902,,,
ERJ190-300,ICAO_A,2,3,Climb,MaxTakeoff,F1-UP,1500,,,
ERJ190-300,ICAO_A,2,4,Climb,MaxClimb,F1-UP,3000,,,
ERJ190-300,ICAO_A,2,5,Accelerate,MaxClimb,F1-UP,,1600.0,179.6,40
ERJ190-300,ICAO_A,2,6,Accelerate,MaxClimb,F0-UP,,1600.0,250.0,40
ERJ190-300,ICAO_A,2,7,Climb,MaxClimb,F0-UP,10000,,,
ERJ190-300,ICAO_A,3,1,Takeoff,MaxTakeoff,F1-DN,,,,
ERJ190-300,ICAO_A,3,2,Climb,MaxTakeoff,F1-DN,866,,,
ERJ190-300,ICAO_A,3,3,Climb,MaxTakeoff,F1-UP,1500,,,
ERJ190-300,ICAO_A,3,4,Climb,MaxClimb,F1-UP,3000,,,
ERJ190-300,ICAO_A,3,5,Accelerate,MaxClimb,F1-UP,,1500.0,181.6,40
ERJ190-300,ICAO_A,3,6,Accelerate,MaxClimb,F0-UP,,1500.0,250.0,40
ERJ190-300,ICAO_A,3,7,Climb,MaxClimb,F0-UP,10000,,,
ERJ190-300,ICAO_A,4,1,Takeoff,MaxTakeoff,F1-DN,,,,
ERJ190-300,ICAO_A,4,2,Climb,MaxTakeoff,F1-DN,806,,,
ERJ190-300,ICAO_A,4,3,Climb,MaxTakeoff,F1-UP,1500,,,
ERJ190-300,ICAO_A,4,4,Climb,MaxClimb,F1-UP,3000,,,
ERJ190-300,ICAO_A,4,5,Accelerate,MaxClimb,F1-UP,,1400.0,184.0,40
ERJ190-300,ICAO_A,4,6,Accelerate,MaxClimb,F0-UP,,1400.0,250.0,40
ERJ190-300,ICAO_A,4,7,Climb,MaxClimb,F0-UP,10000,,,
ERJ190-300,ICAO_A,M,1,Takeoff,MaxTakeoff,F1-DN,,,,
ERJ190-300,ICAO_A,M,2,Climb,MaxTakeoff,F1-DN,740,,,
ERJ190-300,ICAO_A,M,3,Climb,MaxTakeoff,F1-UP,1500,,,
ERJ190-300,ICAO_A,M,4,Climb,MaxClimb,F1-UP,3000,,,
ERJ190-300,ICAO_A,M,5,Accelerate,MaxClimb,F1-UP,,1300.0,187.9,40
ERJ190-300,ICAO_A,M,6,Accelerate,MaxClimb,F0-UP,,1300.0,250.0,40
ERJ190-300,ICAO_A,M,7,Climb,MaxClimb,F0-UP,10000,,,
ERJ190-300,ICAO_B,1,1,Takeoff,MaxTakeoff,F1-DN,,,,
ERJ190-300,ICAO_B,1,2,Climb,MaxTakeoff,F1-DN,938,,,
ERJ190-300,ICAO_B,1,3,Climb,MaxTakeoff,F1-UP,1000,,,
ERJ190-300,ICAO_B,1,4,Accelerate,MaxTakeoff,F1-UP,,2500.0,182.6,40
ERJ190-300,ICAO_B,1,5,Accelerate,MaxTakeoff,F0-UP,,2700.0,190.4,40
ERJ190-300,ICAO_B,1,6,Climb,MaxClimb,F0-UP,3000,,,
ERJ190-300,ICAO_B,1,7,Accelerate,MaxClimb,F0-UP,,2100.0,250.0,40
ERJ190-300,ICAO_B,1,8,Climb,MaxClimb,F0-UP,10000,,,
ERJ190-300,ICAO_B,2,1,Takeoff,MaxTakeoff,F1-DN,,,,
ERJ190-300,ICAO_B,2,2,Climb,MaxTakeoff,F1-DN,902,,,
ERJ190-300,ICAO_B,2,3,Climb,MaxTakeoff,F1-UP,1000,,,
ERJ190-300,ICAO_B,2,4,Accelerate,MaxTakeoff,F1-UP,,2400.0,183.5,40
ERJ190-300,ICAO_B,2,5,Accelerate,MaxTakeoff,F0-UP,,2600.0,194.6,40
ERJ190-300,ICAO_B,2,6,Climb,MaxClimb,F0-UP,3000,,,
ERJ190-300,ICAO_B,2,7,Accelerate,MaxClimb,F0-UP,,2000.0,250.0,40
ERJ190-300,ICAO_B,2,8,Climb,MaxClimb,F0-UP,10000,,,
ERJ190-300,ICAO_B,3,1,Takeoff,MaxTakeoff,F1-DN,,,,
ERJ190-300,ICAO_B,3,2,Climb,MaxTakeoff,F1-DN,866,,,
ERJ190-300,ICAO_B,3,3,Climb,MaxTakeoff,F1-UP,1000,,,
ERJ190-300,ICAO_B,3,4,Accelerate,MaxTakeoff,F1-UP,,2300.0,184.6,40
ERJ190-300,ICAO_B,3,5,Accelerate,MaxTakeoff,F0-UP,,2500.0,199.0,40
ERJ190-300,ICAO_B,3,6,Climb,MaxClimb,F0-UP,3000,,,
ERJ190-300,ICAO_B,3,7,Accelerate,MaxClimb,F0-UP,,1900.0,250.0,40
ERJ190-300,ICAO_B,3,8,Climb,MaxClimb,F0-UP,10000,,,
ERJ190-300,ICAO_B,4,1,Takeoff,MaxTakeoff,F1-DN,,,,
ERJ190-300,ICAO_B,4,2,Climb,MaxTakeoff,F1-DN,806,,,
ERJ190-300,ICAO_B,4,3,Climb,MaxTakeoff,F1-UP,1000,,,
ERJ190-300,ICAO_B,4,4,Accelerate,MaxTakeoff,F1-UP,,2100.0,187.3,40
ERJ190-300,ICAO_B,4,5,Accelerate,MaxTakeoff,F0-UP,,2300.0,206.9,40
ERJ190-300,ICAO_B,4,6,Climb,MaxClimb,F0-UP,3000,,,
ERJ190-300,ICAO_B,4,7,Accelerate,MaxClimb,F0-UP,,1700.0,250.0,40
ERJ190-300,ICAO_B,4,8,Climb,MaxClimb,F0-UP,10000,,,
ERJ190-300,ICAO_B,M,1,Takeoff,MaxTakeoff,F1-DN,,,,
ERJ190-300,ICAO_B,M,2,Climb,MaxTakeoff,F1-DN,740,,,
ERJ190-300,ICAO_B,M,3,Climb,MaxTakeoff,F1-UP,1000,,,
ERJ190-300,ICAO_B,M,4,Accelerate,MaxTakeoff,F1-UP,,1900.0,190.9,40
ERJ190-300,ICAO_B,M,5,Accelerate,MaxTakeoff,F0-UP,,2100.0,216.6,40
ERJ190-300,ICAO_B,M,6,Climb,MaxClimb,F0-UP,3000,,,
ERJ190-300,ICAO_B,M,7,Accelerate,MaxClimb,F0-UP,,1600.0,250.0,40
ERJ190-300,ICAO_B,M,8,Climb,MaxClimb,F0-UP,10000,,,
ERJ190-400,DEFAULT,1,1,Takeoff,MaxTakeoff,F1-DN,,,,
ERJ190-400,DEFAULT,1,2,Climb,MaxTakeoff,F1-DN,870,,,
ERJ190-400,DEFAULT,1,3,Climb,MaxTakeoff,F1-UP,1000,,,
ERJ190-400,DEFAULT,1,4,Accelerate,MaxClimb,F1-UP,,1700.0,188.1,40
ERJ190-400,DEFAULT,1,5,Accelerate,MaxClimb,F0-UP,,1700.0,190.9,40
ERJ190-400,DEFAULT,1,6,Climb,MaxClimb,F0-UP,3000,,,
ERJ190-400,DEFAULT,1,7,Accelerate,MaxClimb,F0-UP,,1800.0,250.0,40
ERJ190-400,DEFAULT,1,8,Climb,MaxClimb,F0-UP,10000,,,
ERJ190-400,DEFAULT,2,1,Takeoff,MaxTakeoff,F1-DN,,,,
ERJ190-400,DEFAULT,2,2,Climb,MaxTakeoff,F1-DN,835,,,
ERJ190-400,DEFAULT,2,3,Climb,MaxTakeoff,F1-UP,1000,,,
ERJ190-400,DEFAULT,2,4,Accelerate,MaxClimb,F1-UP,,1600.0,189.7,40
ERJ190-400,DEFAULT,2,5,Accelerate,MaxClimb,F0-UP,,1600.0,195.5,40
ERJ190-400,DEFAULT,2,6,Climb,MaxClimb,F0-UP,3000,,,
ERJ190-400,DEFAULT,2,7,Accelerate,MaxClimb,F0-UP,,1700.0,250.0,40
ERJ190-400,DEFAULT,2,8,Climb,MaxClimb,F0-UP,10000,,,
ERJ190-400,DEFAULT,3,1,Takeoff,MaxTakeoff,F1-DN,,,,
ERJ190-400,DEFAULT,3,2,Climb,MaxTakeoff,F1-DN,803,,,
ERJ190-400,DEFAULT,3,3,Climb,MaxTakeoff,F1-UP,1000,,,
ERJ190-400,DEFAULT,3,4,Accelerate,MaxClimb,F1-UP,,1500.0,191.8,40
ERJ190-400,DEFAULT,3,5,Accelerate,MaxClimb,F0-UP,,1500.0,200.2,40
ERJ190-400,DEFAULT,3,6,Climb,MaxClimb,F0-UP,3000,,,
ERJ190-400,DEFAULT,3,7,Accelerate,MaxClimb,F0-UP,,1600.0,250.0,40
ERJ190-400,DEFAULT,3,8,Climb,MaxClimb,F0-UP,10000,,,
ERJ190-400,DEFAULT,4,1,Takeoff,MaxTakeoff,F1-DN,,,,
ERJ190-400,DEFAULT,4,2,Climb,MaxTakeoff,F1-DN,749,,,
ERJ190-400,DEFAULT,4,3,Climb,MaxTakeoff,F1-UP,1000,,,
ERJ190-400,DEFAULT,4,4,Accelerate,MaxClimb,F1-UP,,1300.0,195.8,40
ERJ190-400,DEFAULT,4,5,Accelerate,MaxClimb,F0-UP,,1300.0,208.5,40
ERJ190-400,DEFAULT,4,6,Climb,MaxClimb,F0-UP,3000,,,
ERJ190-400,DEFAULT,4,7,Accelerate,MaxClimb,F0-UP,,1500.0,250.0,40
ERJ190-400,DEFAULT,4,8,Climb,MaxClimb,F0-UP,10000,,,
ERJ190-400,DEFAULT,M,1,Takeoff,MaxTakeoff,F1-DN,,,,
ERJ190-400,DEFAULT,M,2,Climb,MaxTakeoff,F1-DN,699,,,
ERJ190-400,DEFAULT,M,3,Climb,MaxTakeoff,F1-UP,1000,,,
ERJ190-400,DEFAULT,M,4,Accelerate,MaxClimb,F1-UP,,1100.0,202.6,40
ERJ190-400,DEFAULT,M,5,Accelerate,MaxClimb,F0-UP,,1100.0,218.4,40
ERJ190-400,DEFAULT,M,6,Climb,MaxClimb,F0-UP,3000,,,
ERJ190-400,DEFAULT,M,7,Accelerate,MaxClimb,F0-UP,,1400.0,250.0,40
ERJ190-400,DEFAULT,M,8,Climb,MaxClimb,F0-UP,10000,,,
ERJ190-400,ICAO_A,1,1,Takeoff,MaxTakeoff,F1-DN,,,,
ERJ190-400,ICAO_A,1,2,Climb,MaxTakeoff,F1-DN,870,,,
ERJ190-400,ICAO_A,1,3,Climb,MaxTakeoff,F1-UP,1500,,,
ERJ190-400,ICAO_A,1,4,Climb,MaxClimb,F1-UP,3000,,,
ERJ190-400,ICAO_A,1,5,Accelerate,MaxClimb,F1-UP,,1600.0,185.9,40
ERJ190-400,ICAO_A,1,6,Accelerate,MaxClimb,F0-UP,,1600.0,250.0,40
ERJ190-400,ICAO_A,1,7,Climb,MaxClimb,F0-UP,10000,,,
ERJ190-400,ICAO_A,2,1,Takeoff,MaxTakeoff,F1-DN,,,,
ERJ190-400,ICAO_A,2,2,Climb,MaxTakeoff,F1-DN,835,,,
ERJ190-400,ICAO_A,2,3,Climb,MaxTakeoff,F1-UP,1500,,,
ERJ190-400,ICAO_A,2,4,Climb,MaxClimb,F1-UP,3000,,,
ERJ190-400,ICAO_A,2,5,Accelerate,MaxClimb,F1-UP,,1500.0,187.6,40
ERJ190-400,ICAO_A,2,6,Accelerate,MaxClimb,F0-UP,,1500.0,250.0,40
ERJ190-400,ICAO_A,2,7,Climb,MaxClimb,F0-UP,10000,,,
ERJ190-400,ICAO_A,3,1,Takeoff,MaxTakeoff,F1-DN,,,,
ERJ190-400,ICAO_A,3,2,Climb,MaxTakeoff,F1-DN,803,,,
ERJ190-400,ICAO_A,3,3,Climb,MaxTakeoff,F1-UP,1500,,,
ERJ190-400,ICAO_A,3,4,Climb,MaxClimb,F1-UP,3000,,,
ERJ190-400,ICAO_A,3,5,Accelerate,MaxClimb,F1-UP,,1400.0,189.8,40
ERJ190-400,ICAO_A,3,6,Accelerate,MaxClimb,F0-UP,,1400.0,250.0,40
ERJ190-400,ICAO_A,3,7,Climb,MaxClimb,F0-UP,10000,,,
ERJ190-400,ICAO_A,4,1,Takeoff,MaxTakeoff,F1-DN,,,,
ERJ190-400,ICAO_A,4,2,Climb,MaxTakeoff,F1-DN,749,,,
ERJ190-400,ICAO_A,4,3,Climb,MaxTakeoff,F1-UP,1500,,,
ERJ190-400,ICAO_A,4,4,Climb,MaxClimb,F1-UP,3000,,,
ERJ190-400,ICAO_A,4,5,Accelerate,MaxClimb,F1-UP,,1200.0,194.0,40
ERJ190-400,ICAO_A,4,6,Accelerate,MaxClimb,F0-UP,,1200.0,250.0,40
ERJ190-400,ICAO_A,4,7,Climb,MaxClimb,F0-UP,10000,,,
ERJ190-400,ICAO_A,M,1,Takeoff,MaxTakeoff,F1-DN,,,,
ERJ190-400,ICAO_A,M,2,Climb,MaxTakeoff,F1-DN,699,,,
ERJ190-400,ICAO_A,M,3,Climb,MaxTakeoff,F1-UP,1500,,,
ERJ190-400,ICAO_A,M,4,Climb,MaxClimb,F1-UP,3000,,,
ERJ190-400,ICAO_A,M,5,Accelerate,MaxClimb,F1-UP,,1100.0,199.3,40
ERJ190-400,ICAO_A,M,6,Accelerate,MaxClimb,F0-UP,,1100.0,250.0,40
ERJ190-400,ICAO_A,M,7,Climb,MaxClimb,F0-UP,10000,,,
ERJ190-400,ICAO_B,1,1,Takeoff,MaxTakeoff,F1-DN,,,,
ERJ190-400,ICAO_B,1,2,Climb,MaxTakeoff,F1-DN,870,,,
ERJ190-400,ICAO_B,1,3,Climb,MaxTakeoff,F1-UP,1000,,,
ERJ190-400,ICAO_B,1,4,Accelerate,MaxTakeoff,F1-UP,,2200.0,187.1,40
ERJ190-400,ICAO_B,1,5,Accelerate,MaxTakeoff,F0-UP,,2300.0,190.9,40
ERJ190-400,ICAO_B,1,6,Climb,MaxClimb,F0-UP,3000,,,
ERJ190-400,ICAO_B,1,7,Accelerate,MaxClimb,F0-UP,,2100.0,250.0,40
ERJ190-400,ICAO_B,1,8,Climb,MaxClimb,F0-UP,10000,,,
ERJ190-400,ICAO_B,2,1,Takeoff,MaxTakeoff,F1-DN,,,,
ERJ190-400,ICAO_B,2,2,Climb,MaxTakeoff,F1-DN,835,,,
ERJ190-400,ICAO_B,2,3,Climb,MaxTakeoff,F1-UP,1000,,,
ERJ190-400,ICAO_B,2,4,Accelerate,MaxTakeoff,F1-UP,,2100.0,188.4,40
ERJ190-400,ICAO_B,2,5,Accelerate,MaxTakeoff,F0-UP,,2200.0,195.5,40
ERJ190-400,ICAO_B,2,6,Climb,MaxClimb,F0-UP,3000,,,
ERJ190-400,ICAO_B,2,7,Accelerate,MaxClimb,F0-UP,,1800.0,250.0,40
ERJ190-400,ICAO_B,2,8,Climb,MaxClimb,F0-UP,10000,,,
ERJ190-400,ICAO_B,3,1,Takeoff,MaxTakeoff,F1-DN,,,,
ERJ190-400,ICAO_B,3,2,Climb,MaxTakeoff,F1-DN,803,,,
ERJ190-400,ICAO_B,3,3,Climb,MaxTakeoff,F1-UP,1000,,,
ERJ190-400,ICAO_B,3,4,Accelerate,MaxTakeoff,F1-UP,,2000.0,190.3,40
ERJ190-400,ICAO_B,3,5,Accelerate,MaxTakeoff,F0-UP,,2100.0,200.2,40
ERJ190-400,ICAO_B,3,6,Climb,MaxClimb,F0-UP,3000,,,
ERJ190-400,ICAO_B,3,7,Accelerate,MaxClimb,F0-UP,,1900.0,250.0,40
ERJ190-400,ICAO_B,3,8,Climb,MaxClimb,F0-UP,10000,,,
ERJ190-400,ICAO_B,4,1,Takeoff,MaxTakeoff,F1-DN,,,,
ERJ190-400,ICAO_B,4,2,Climb,MaxTakeoff,F1-DN,749,,,
ERJ190-400,ICAO_B,4,3,Climb,MaxTakeoff,F1-UP,1000,,,
ERJ190-400,ICAO_B,4,4,Accelerate,MaxTakeoff,F1-UP,,1900.0,192.4,40
ERJ190-400,ICAO_B,4,5,Accelerate,MaxTakeoff,F0-UP,,2000.0,208.5,40
ERJ190-400,ICAO_B,4,6,Climb,MaxClimb,F0-UP,3000,,,
ERJ190-400,ICAO_B,4,7,Accelerate,MaxClimb,F0-UP,,1700.0,250.0,40
ERJ190-400,ICAO_B,4,8,Climb,MaxClimb,F0-UP,10000,,,
ERJ190-400,ICAO_B,M,1,Takeoff,MaxTakeoff,F1-DN,,,,
ERJ190-400,ICAO_B,M,2,Climb,MaxTakeoff,F1-DN,699,,,
ERJ190-400,ICAO_B,M,3,Climb,MaxTakeoff,F1-UP,1000,,,
ERJ190-400,ICAO_B,M,4,Accelerate,MaxTakeoff,F1-UP,,1700.0,198.9,40
ERJ190-400,ICAO_B,M,5,Accelerate,MaxTakeoff,F0-UP,,1800.0,218.4,40
ERJ190-400,ICAO_B,M,6,Climb,MaxClimb,F0-UP,3000,,,
ERJ190-400,ICAO_B,M,7,Accelerate,MaxClimb,F0-UP,,1500.0,250.0,40
ERJ190-400,ICAO_B,M,8,Climb,MaxClimb,F0-UP,10000,,,
